00:11:05 **** Incremental Build of configuration Debug for project test ****
make -j22 all 
arm-none-eabi-gcc "../Core/Src/main.c" -mcpu=cortex-m4 -std=gnu11 -g3 -DDEBUG -DUSE_HAL_DRIVER -DSTM32G473xx -c -I../Core/Inc -I../Drivers/STM32G4xx_HAL_Driver/Inc -I../Drivers/STM32G4xx_HAL_Driver/Inc/Legacy -I../Drivers/CMSIS/Device/ST/STM32G4xx/Include -I../Drivers/CMSIS/Include -O0 -ffunction-sections -fdata-sections -Wall -fstack-usage -fcyclomatic-complexity -MMD -MP -MF"Core/Src/main.d" -MT"Core/Src/main.o" --specs=nano.specs -mfpu=fpv4-sp-d16 -mfloat-abi=hard -mthumb -o "Core/Src/main.o"
arm-none-eabi-gcc -o "test.elf" @"objects.list"   -mcpu=cortex-m4 -T"C:\Users\peter\OneDrive\Documents\IEEEMTTSCode\PhasedArrayRadar_IEEE_MTTS\STM32_Code\tutorial\test\STM32G473QETX_FLASH.ld" --specs=nosys.specs -Wl,-Map="test.map" -Wl,--gc-sections -static --specs=nano.specs -mfpu=fpv4-sp-d16 -mfloat-abi=hard -mthumb -u _printf_float -Wl,--start-group -lc -lm -Wl,--end-group
Finished building target: test.elf
 
arm-none-eabi-size  test.elf 
arm-none-eabi-objdump -h -S test.elf  > "test.list"
   text	   data	    bss	    dec	    hex	filename
  54092	    548	  36660	  91300	  164a4	test.elf
Finished building: default.size.stdout
 
Finished building: test.list
 
00:11:13 **** Incremental Build of configuration Debug for project test ****
make -j22 all 
arm-none-eabi-size  test.elf 
   text	   data	    bss	    dec	    hex	filename
  54092	    548	  36660	  91300	  164a4	test.elf
Finished building: default.size.stdout
 
22:08:22 **** Incremental Build of configuration Debug for project test ****
make -j22 all 
arm-none-eabi-gcc "../Core/Src/main.c" -mcpu=cortex-m4 -std=gnu11 -g3 -DDEBUG -DUSE_HAL_DRIVER -DSTM32G473xx -c -I../Core/Inc -I../Drivers/STM32G4xx_HAL_Driver/Inc -I../Drivers/STM32G4xx_HAL_Driver/Inc/Legacy -I../Drivers/CMSIS/Device/ST/STM32G4xx/Include -I../Drivers/CMSIS/Include -O0 -ffunction-sections -fdata-sections -Wall -fstack-usage -fcyclomatic-complexity -MMD -MP -MF"Core/Src/main.d" -MT"Core/Src/main.o" --specs=nano.specs -mfpu=fpv4-sp-d16 -mfloat-abi=hard -mthumb -o "Core/Src/main.o"
arm-none-eabi-gcc -o "test.elf" @"objects.list"   -mcpu=cortex-m4 -T"C:\Users\peter\OneDrive\Documents\IEEEMTTSCode\PhasedArrayRadar_IEEE_MTTS\STM32_Code\tutorial\test\STM32G473QETX_FLASH.ld" --specs=nosys.specs -Wl,-Map="test.map" -Wl,--gc-sections -static --specs=nano.specs -mfpu=fpv4-sp-d16 -mfloat-abi=hard -mthumb -u _printf_float -Wl,--start-group -lc -lm -Wl,--end-group
Finished building target: test.elf
 
arm-none-eabi-size  test.elf 
arm-none-eabi-objdump -h -S test.elf  > "test.list"
   text	   data	    bss	    dec	    hex	filename
  54092	    548	  36660	  91300	  164a4	test.elf
Finished building: default.size.stdout
 
Finished building: test.list
 
22:09:10 **** Incremental Build of configuration Debug for project test ****
make -j22 all 
arm-none-eabi-size  test.elf 
   text	   data	    bss	    dec	    hex	filename
  54092	    548	  36660	  91300	  164a4	test.elf
Finished building: default.size.stdout
 
22:55:30 **** Incremental Build of configuration Debug for project test ****
make -j22 all 
arm-none-eabi-gcc "../Core/Src/main.c" -mcpu=cortex-m4 -std=gnu11 -g3 -DDEBUG -DUSE_HAL_DRIVER -DSTM32G473xx -c -I../Core/Inc -I../Drivers/STM32G4xx_HAL_Driver/Inc -I../Drivers/STM32G4xx_HAL_Driver/Inc/Legacy -I../Drivers/CMSIS/Device/ST/STM32G4xx/Include -I../Drivers/CMSIS/Include -O0 -ffunction-sections -fdata-sections -Wall -fstack-usage -fcyclomatic-complexity -MMD -MP -MF"Core/Src/main.d" -MT"Core/Src/main.o" --specs=nano.specs -mfpu=fpv4-sp-d16 -mfloat-abi=hard -mthumb -o "Core/Src/main.o"
arm-none-eabi-gcc -o "test.elf" @"objects.list"   -mcpu=cortex-m4 -T"C:\Users\peter\OneDrive\Documents\IEEEMTTSCode\PhasedArrayRadar_IEEE_MTTS\STM32_Code\tutorial\test\STM32G473QETX_FLASH.ld" --specs=nosys.specs -Wl,-Map="test.map" -Wl,--gc-sections -static --specs=nano.specs -mfpu=fpv4-sp-d16 -mfloat-abi=hard -mthumb -u _printf_float -Wl,--start-group -lc -lm -Wl,--end-group
Finished building target: test.elf
 
arm-none-eabi-size  test.elf 
arm-none-eabi-objdump -h -S test.elf  > "test.list"
   text	   data	    bss	    dec	    hex	filename
  54092	    548	  36660	  91300	  164a4	test.elf
Finished building: default.size.stdout
 
Finished building: test.list
 
23:20:31 **** Incremental Build of configuration Debug for project test ****
make -j22 all 
arm-none-eabi-size  test.elf 
   text	   data	    bss	    dec	    hex	filename
  54092	    548	  36660	  91300	  164a4	test.elf
Finished building: default.size.stdout
 
23:20:46 **** Incremental Build of configuration Debug for project test ****
make -j22 all 
arm-none-eabi-size  test.elf 
   text	   data	    bss	    dec	    hex	filename
  54092	    548	  36660	  91300	  164a4	test.elf
Finished building: default.size.stdout
 
23:24:45 **** Incremental Build of configuration Debug for project test ****
make -j22 all 
arm-none-eabi-size  test.elf 
   text	   data	    bss	    dec	    hex	filename
  54092	    548	  36660	  91300	  164a4	test.elf
Finished building: default.size.stdout
 
23:25:23 **** Incremental Build of configuration Debug for project test ****
make -j22 all 
arm-none-eabi-size  test.elf 
   text	   data	    bss	    dec	    hex	filename
  54092	    548	  36660	  91300	  164a4	test.elf
Finished building: default.size.stdout
 
23:25:34 **** Incremental Build of configuration Debug for project test ****
make -j22 all 
arm-none-eabi-size  test.elf 
   text	   data	    bss	    dec	    hex	filename
  54092	    548	  36660	  91300	  164a4	test.elf
Finished building: default.size.stdout
 
23:27:17 **** Incremental Build of configuration Debug for project test ****
make -j22 all 
arm-none-eabi-size  test.elf 
   text	   data	    bss	    dec	    hex	filename
  54092	    548	  36660	  91300	  164a4	test.elf
Finished building: default.size.stdout
 
23:31:23 **** Incremental Build of configuration Debug for project test ****
make -j22 all 
arm-none-eabi-size  test.elf 
   text	   data	    bss	    dec	    hex	filename
  54092	    548	  36660	  91300	  164a4	test.elf
Finished building: default.size.stdout
 
22:44:09 **** Incremental Build of configuration Debug for project test ****
make -j22 all 
arm-none-eabi-gcc "../Core/Src/main.c" -mcpu=cortex-m4 -std=gnu11 -g3 -DDEBUG -DUSE_HAL_DRIVER -DSTM32G473xx -c -I../Core/Inc -I../Drivers/STM32G4xx_HAL_Driver/Inc -I../Drivers/STM32G4xx_HAL_Driver/Inc/Legacy -I../Drivers/CMSIS/Device/ST/STM32G4xx/Include -I../Drivers/CMSIS/Include -O0 -ffunction-sections -fdata-sections -Wall -fstack-usage -fcyclomatic-complexity -MMD -MP -MF"Core/Src/main.d" -MT"Core/Src/main.o" --specs=nano.specs -mfpu=fpv4-sp-d16 -mfloat-abi=hard -mthumb -o "Core/Src/main.o"
arm-none-eabi-gcc -o "test.elf" @"objects.list"   -mcpu=cortex-m4 -T"C:\Users\peter\OneDrive\Documents\IEEEMTTSCode\PhasedArrayRadar_IEEE_MTTS\STM32_Code\tutorial\test\STM32G473QETX_FLASH.ld" --specs=nosys.specs -Wl,-Map="test.map" -Wl,--gc-sections -static --specs=nano.specs -mfpu=fpv4-sp-d16 -mfloat-abi=hard -mthumb -u _printf_float -Wl,--start-group -lc -lm -Wl,--end-group
Finished building target: test.elf
 
arm-none-eabi-size  test.elf 
arm-none-eabi-objdump -h -S test.elf  > "test.list"
   text	   data	    bss	    dec	    hex	filename
  54092	    548	  36660	  91300	  164a4	test.elf
Finished building: default.size.stdout
 
Finished building: test.list
 
22:50:37 **** Incremental Build of configuration Debug for project test ****
make -j22 all 
arm-none-eabi-size  test.elf 
   text	   data	    bss	    dec	    hex	filename
  54092	    548	  36660	  91300	  164a4	test.elf
Finished building: default.size.stdout
 
22:51:02 **** Incremental Build of configuration Debug for project test ****
make -j22 all 
arm-none-eabi-size  test.elf 
   text	   data	    bss	    dec	    hex	filename
  54092	    548	  36660	  91300	  164a4	test.elf
Finished building: default.size.stdout
 
22:51:07 **** Incremental Build of configuration Debug for project test ****
make -j22 all 
arm-none-eabi-size  test.elf 
   text	   data	    bss	    dec	    hex	filename
  54092	    548	  36660	  91300	  164a4	test.elf
Finished building: default.size.stdout
 
22:53:00 **** Incremental Build of configuration Debug for project test ****
make -j22 all 
arm-none-eabi-size  test.elf 
   text	   data	    bss	    dec	    hex	filename
  54092	    548	  36660	  91300	  164a4	test.elf
Finished building: default.size.stdout
 
22:54:58 **** Incremental Build of configuration Debug for project test ****
make -j22 all 
arm-none-eabi-gcc "../Core/Src/main.c" -mcpu=cortex-m4 -std=gnu11 -g3 -DDEBUG -DUSE_HAL_DRIVER -DSTM32G473xx -c -I../Core/Inc -I../Drivers/STM32G4xx_HAL_Driver/Inc -I../Drivers/STM32G4xx_HAL_Driver/Inc/Legacy -I../Drivers/CMSIS/Device/ST/STM32G4xx/Include -I../Drivers/CMSIS/Include -O0 -ffunction-sections -fdata-sections -Wall -fstack-usage -fcyclomatic-complexity -MMD -MP -MF"Core/Src/main.d" -MT"Core/Src/main.o" --specs=nano.specs -mfpu=fpv4-sp-d16 -mfloat-abi=hard -mthumb -o "Core/Src/main.o"
../Core/Src/main.c:101:9: error: 'index' redeclared as different kind of symbol
  101 | uint8_t index = 0;
      |         ^~~~~
In file included from C:\ST\STM32CubeIDE_1.18.0\STM32CubeIDE\plugins\com.st.stm32cube.ide.mcu.externaltools.gnu-tools-for-stm32.13.3.rel1.win32_1.0.0.202411081344\tools\bin/../lib/gcc/arm-none-eabi/13.3.1/../../../../arm-none-eabi/include/string.h:24,
                 from ../Core/Src/main.c:25:
C:\ST\STM32CubeIDE_1.18.0\STM32CubeIDE\plugins\com.st.stm32cube.ide.mcu.externaltools.gnu-tools-for-stm32.13.3.rel1.win32_1.0.0.202411081344\tools\bin/../lib/gcc/arm-none-eabi/13.3.1/../../../../arm-none-eabi/include/strings.h:64:10: note: previous declaration of 'index' with type 'char *(const char *, int)'
   64 | char    *index(const char *, int) __pure;                       /* LEGACY */
      |          ^~~~~
make: *** [Core/Src/subdir.mk:34: Core/Src/main.o] Error 1
"make -j22 all" terminated with exit code 2. Build might be incomplete.
22:56:08 **** Incremental Build of configuration Debug for project test ****
make -j22 all 
arm-none-eabi-gcc "../Core/Src/main.c" -mcpu=cortex-m4 -std=gnu11 -g3 -DDEBUG -DUSE_HAL_DRIVER -DSTM32G473xx -c -I../Core/Inc -I../Drivers/STM32G4xx_HAL_Driver/Inc -I../Drivers/STM32G4xx_HAL_Driver/Inc/Legacy -I../Drivers/CMSIS/Device/ST/STM32G4xx/Include -I../Drivers/CMSIS/Include -O0 -ffunction-sections -fdata-sections -Wall -fstack-usage -fcyclomatic-complexity -MMD -MP -MF"Core/Src/main.d" -MT"Core/Src/main.o" --specs=nano.specs -mfpu=fpv4-sp-d16 -mfloat-abi=hard -mthumb -o "Core/Src/main.o"
arm-none-eabi-gcc -o "test.elf" @"objects.list"   -mcpu=cortex-m4 -T"C:\Users\peter\OneDrive\Documents\IEEEMTTSCode\PhasedArrayRadar_IEEE_MTTS\STM32_Code\tutorial\test\STM32G473QETX_FLASH.ld" --specs=nosys.specs -Wl,-Map="test.map" -Wl,--gc-sections -static --specs=nano.specs -mfpu=fpv4-sp-d16 -mfloat-abi=hard -mthumb -u _printf_float -Wl,--start-group -lc -lm -Wl,--end-group
Finished building target: test.elf
 
arm-none-eabi-size  test.elf 
arm-none-eabi-objdump -h -S test.elf  > "test.list"
   text	   data	    bss	    dec	    hex	filename
  54124	    548	  36660	  91332	  164c4	test.elf
Finished building: default.size.stdout
 
Finished building: test.list
 
23:18:26 **** Incremental Build of configuration Debug for project test ****
make -j22 all 
arm-none-eabi-gcc "../Core/Src/main.c" -mcpu=cortex-m4 -std=gnu11 -g3 -DDEBUG -DUSE_HAL_DRIVER -DSTM32G473xx -c -I../Core/Inc -I../Drivers/STM32G4xx_HAL_Driver/Inc -I../Drivers/STM32G4xx_HAL_Driver/Inc/Legacy -I../Drivers/CMSIS/Device/ST/STM32G4xx/Include -I../Drivers/CMSIS/Include -O0 -ffunction-sections -fdata-sections -Wall -fstack-usage -fcyclomatic-complexity -MMD -MP -MF"Core/Src/main.d" -MT"Core/Src/main.o" --specs=nano.specs -mfpu=fpv4-sp-d16 -mfloat-abi=hard -mthumb -o "Core/Src/main.o"
arm-none-eabi-gcc -o "test.elf" @"objects.list"   -mcpu=cortex-m4 -T"C:\Users\peter\OneDrive\Documents\IEEEMTTSCode\PhasedArrayRadar_IEEE_MTTS\STM32_Code\tutorial\test\STM32G473QETX_FLASH.ld" --specs=nosys.specs -Wl,-Map="test.map" -Wl,--gc-sections -static --specs=nano.specs -mfpu=fpv4-sp-d16 -mfloat-abi=hard -mthumb -u _printf_float -Wl,--start-group -lc -lm -Wl,--end-group
Finished building target: test.elf
 
arm-none-eabi-size  test.elf 
arm-none-eabi-objdump -h -S test.elf  > "test.list"
   text	   data	    bss	    dec	    hex	filename
  54148	    548	  69428	 124124	  1e4dc	test.elf
Finished building: default.size.stdout
 
Finished building: test.list
 
23:19:06 **** Incremental Build of configuration Debug for project test ****
make -j22 all 
arm-none-eabi-size  test.elf 
   text	   data	    bss	    dec	    hex	filename
  54148	    548	  69428	 124124	  1e4dc	test.elf
Finished building: default.size.stdout
 
23:36:27 **** Incremental Build of configuration Debug for project test ****
make -j22 all 
arm-none-eabi-gcc "../Core/Src/main.c" -mcpu=cortex-m4 -std=gnu11 -g3 -DDEBUG -DUSE_HAL_DRIVER -DSTM32G473xx -c -I../Core/Inc -I../Drivers/STM32G4xx_HAL_Driver/Inc -I../Drivers/STM32G4xx_HAL_Driver/Inc/Legacy -I../Drivers/CMSIS/Device/ST/STM32G4xx/Include -I../Drivers/CMSIS/Include -O0 -ffunction-sections -fdata-sections -Wall -fstack-usage -fcyclomatic-complexity -MMD -MP -MF"Core/Src/main.d" -MT"Core/Src/main.o" --specs=nano.specs -mfpu=fpv4-sp-d16 -mfloat-abi=hard -mthumb -o "Core/Src/main.o"
arm-none-eabi-gcc -o "test.elf" @"objects.list"   -mcpu=cortex-m4 -T"C:\Users\peter\OneDrive\Documents\IEEEMTTSCode\PhasedArrayRadar_IEEE_MTTS\STM32_Code\tutorial\test\STM32G473QETX_FLASH.ld" --specs=nosys.specs -Wl,-Map="test.map" -Wl,--gc-sections -static --specs=nano.specs -mfpu=fpv4-sp-d16 -mfloat-abi=hard -mthumb -u _printf_float -Wl,--start-group -lc -lm -Wl,--end-group
Finished building target: test.elf
 
arm-none-eabi-size  test.elf 
arm-none-eabi-objdump -h -S test.elf  > "test.list"
   text	   data	    bss	    dec	    hex	filename
  54452	    548	  69428	 124428	  1e60c	test.elf
Finished building: default.size.stdout
 
Finished building: test.list
 
23:36:41 **** Incremental Build of configuration Debug for project test ****
make -j22 all 
arm-none-eabi-size  test.elf 
   text	   data	    bss	    dec	    hex	filename
  54452	    548	  69428	 124428	  1e60c	test.elf
Finished building: default.size.stdout
 
23:37:54 **** Incremental Build of configuration Debug for project test ****
make -j22 all 
arm-none-eabi-gcc "../Core/Src/main.c" -mcpu=cortex-m4 -std=gnu11 -g3 -DDEBUG -DUSE_HAL_DRIVER -DSTM32G473xx -c -I../Core/Inc -I../Drivers/STM32G4xx_HAL_Driver/Inc -I../Drivers/STM32G4xx_HAL_Driver/Inc/Legacy -I../Drivers/CMSIS/Device/ST/STM32G4xx/Include -I../Drivers/CMSIS/Include -O0 -ffunction-sections -fdata-sections -Wall -fstack-usage -fcyclomatic-complexity -MMD -MP -MF"Core/Src/main.d" -MT"Core/Src/main.o" --specs=nano.specs -mfpu=fpv4-sp-d16 -mfloat-abi=hard -mthumb -o "Core/Src/main.o"
arm-none-eabi-gcc -o "test.elf" @"objects.list"   -mcpu=cortex-m4 -T"C:\Users\peter\OneDrive\Documents\IEEEMTTSCode\PhasedArrayRadar_IEEE_MTTS\STM32_Code\tutorial\test\STM32G473QETX_FLASH.ld" --specs=nosys.specs -Wl,-Map="test.map" -Wl,--gc-sections -static --specs=nano.specs -mfpu=fpv4-sp-d16 -mfloat-abi=hard -mthumb -u _printf_float -Wl,--start-group -lc -lm -Wl,--end-group
Finished building target: test.elf
 
arm-none-eabi-size  test.elf 
arm-none-eabi-objdump -h -S test.elf  > "test.list"
   text	   data	    bss	    dec	    hex	filename
  54452	    548	  69428	 124428	  1e60c	test.elf
Finished building: default.size.stdout
 
Finished building: test.list
 
23:38:18 **** Incremental Build of configuration Debug for project test ****
make -j22 all 
arm-none-eabi-gcc -mcpu=cortex-m4 -g3 -DDEBUG -c -x assembler-with-cpp -MMD -MP -MF"Core/Startup/startup_stm32g473qetx.d" -MT"Core/Startup/startup_stm32g473qetx.o" --specs=nano.specs -mfpu=fpv4-sp-d16 -mfloat-abi=hard -mthumb -o "Core/Startup/startup_stm32g473qetx.o" "../Core/Startup/startup_stm32g473qetx.s"
arm-none-eabi-gcc "../Core/Src/main.c" -mcpu=cortex-m4 -std=gnu11 -g3 -DDEBUG -DUSE_HAL_DRIVER -DSTM32G473xx -c -I../Core/Inc -I../Drivers/STM32G4xx_HAL_Driver/Inc -I../Drivers/STM32G4xx_HAL_Driver/Inc/Legacy -I../Drivers/CMSIS/Device/ST/STM32G4xx/Include -I../Drivers/CMSIS/Include -O0 -ffunction-sections -fdata-sections -Wall -fstack-usage -fcyclomatic-complexity -MMD -MP -MF"Core/Src/main.d" -MT"Core/Src/main.o" --specs=nano.specs -mfpu=fpv4-sp-d16 -mfloat-abi=hard -mthumb -o "Core/Src/main.o"
arm-none-eabi-gcc -o "test.elf" @"objects.list"   -mcpu=cortex-m4 -T"C:\Users\peter\OneDrive\Documents\IEEEMTTSCode\PhasedArrayRadar_IEEE_MTTS\STM32_Code\tutorial\test\STM32G473QETX_FLASH.ld" --specs=nosys.specs -Wl,-Map="test.map" -Wl,--gc-sections -static --specs=nano.specs -mfpu=fpv4-sp-d16 -mfloat-abi=hard -mthumb -u _printf_float -Wl,--start-group -lc -lm -Wl,--end-group
Finished building target: test.elf
 
arm-none-eabi-size  test.elf 
arm-none-eabi-objdump -h -S test.elf  > "test.list"
   text	   data	    bss	    dec	    hex	filename
  54580	    548	  69428	 124556	  1e68c	test.elf
Finished building: default.size.stdout
 
Finished building: test.list
 
23:38:58 **** Incremental Build of configuration Debug for project test ****
make -j22 all 
arm-none-eabi-size  test.elf 
   text	   data	    bss	    dec	    hex	filename
  54580	    548	  69428	 124556	  1e68c	test.elf
Finished building: default.size.stdout
 
23:41:20 **** Incremental Build of configuration Debug for project test ****
make -j22 all 
arm-none-eabi-size  test.elf 
   text	   data	    bss	    dec	    hex	filename
  54580	    548	  69428	 124556	  1e68c	test.elf
Finished building: default.size.stdout
 
23:45:07 **** Incremental Build of configuration Debug for project test ****
make -j22 all 
arm-none-eabi-size  test.elf 
   text	   data	    bss	    dec	    hex	filename
  54580	    548	  69428	 124556	  1e68c	test.elf
Finished building: default.size.stdout
 
23:46:48 **** Incremental Build of configuration Debug for project test ****
make -j22 all 
arm-none-eabi-size  test.elf 
   text	   data	    bss	    dec	    hex	filename
  54580	    548	  69428	 124556	  1e68c	test.elf
Finished building: default.size.stdout
 
23:56:39 **** Incremental Build of configuration Debug for project test ****
make -j22 all 
arm-none-eabi-gcc "../Core/Src/main.c" -mcpu=cortex-m4 -std=gnu11 -g3 -DDEBUG -DUSE_HAL_DRIVER -DSTM32G473xx -c -I../Core/Inc -I../Drivers/STM32G4xx_HAL_Driver/Inc -I../Drivers/STM32G4xx_HAL_Driver/Inc/Legacy -I../Drivers/CMSIS/Device/ST/STM32G4xx/Include -I../Drivers/CMSIS/Include -O0 -ffunction-sections -fdata-sections -Wall -fstack-usage -fcyclomatic-complexity -MMD -MP -MF"Core/Src/main.d" -MT"Core/Src/main.o" --specs=nano.specs -mfpu=fpv4-sp-d16 -mfloat-abi=hard -mthumb -o "Core/Src/main.o"
arm-none-eabi-gcc "../Core/Src/stm32g4xx_hal_msp.c" -mcpu=cortex-m4 -std=gnu11 -g3 -DDEBUG -DUSE_HAL_DRIVER -DSTM32G473xx -c -I../Core/Inc -I../Drivers/STM32G4xx_HAL_Driver/Inc -I../Drivers/STM32G4xx_HAL_Driver/Inc/Legacy -I../Drivers/CMSIS/Device/ST/STM32G4xx/Include -I../Drivers/CMSIS/Include -O0 -ffunction-sections -fdata-sections -Wall -fstack-usage -fcyclomatic-complexity -MMD -MP -MF"Core/Src/stm32g4xx_hal_msp.d" -MT"Core/Src/stm32g4xx_hal_msp.o" --specs=nano.specs -mfpu=fpv4-sp-d16 -mfloat-abi=hard -mthumb -o "Core/Src/stm32g4xx_hal_msp.o"
arm-none-eabi-gcc -o "test.elf" @"objects.list"   -mcpu=cortex-m4 -T"C:\Users\peter\OneDrive\Documents\IEEEMTTSCode\PhasedArrayRadar_IEEE_MTTS\STM32_Code\tutorial\test\STM32G473QETX_FLASH.ld" --specs=nosys.specs -Wl,-Map="test.map" -Wl,--gc-sections -static --specs=nano.specs -mfpu=fpv4-sp-d16 -mfloat-abi=hard -mthumb -u _printf_float -Wl,--start-group -lc -lm -Wl,--end-group
Finished building target: test.elf
 
arm-none-eabi-size  test.elf 
arm-none-eabi-objdump -h -S test.elf  > "test.list"
   text	   data	    bss	    dec	    hex	filename
  54548	    548	  69428	 124524	  1e66c	test.elf
Finished building: default.size.stdout
 
Finished building: test.list
 
23:58:12 **** Incremental Build of configuration Debug for project test ****
make -j22 all 
arm-none-eabi-size  test.elf 
   text	   data	    bss	    dec	    hex	filename
  54548	    548	  69428	 124524	  1e66c	test.elf
Finished building: default.size.stdout
 
00:02:27 **** Incremental Build of configuration Debug for project test ****
make -j22 all 
arm-none-eabi-gcc "../Core/Src/main.c" -mcpu=cortex-m4 -std=gnu11 -g3 -DDEBUG -DUSE_HAL_DRIVER -DSTM32G473xx -c -I../Core/Inc -I../Drivers/STM32G4xx_HAL_Driver/Inc -I../Drivers/STM32G4xx_HAL_Driver/Inc/Legacy -I../Drivers/CMSIS/Device/ST/STM32G4xx/Include -I../Drivers/CMSIS/Include -O0 -ffunction-sections -fdata-sections -Wall -fstack-usage -fcyclomatic-complexity -MMD -MP -MF"Core/Src/main.d" -MT"Core/Src/main.o" --specs=nano.specs -mfpu=fpv4-sp-d16 -mfloat-abi=hard -mthumb -o "Core/Src/main.o"
arm-none-eabi-gcc -o "test.elf" @"objects.list"   -mcpu=cortex-m4 -T"C:\Users\peter\OneDrive\Documents\IEEEMTTSCode\PhasedArrayRadar_IEEE_MTTS\STM32_Code\tutorial\test\STM32G473QETX_FLASH.ld" --specs=nosys.specs -Wl,-Map="test.map" -Wl,--gc-sections -static --specs=nano.specs -mfpu=fpv4-sp-d16 -mfloat-abi=hard -mthumb -u _printf_float -Wl,--start-group -lc -lm -Wl,--end-group
Finished building target: test.elf
 
arm-none-eabi-size  test.elf 
arm-none-eabi-objdump -h -S test.elf  > "test.list"
   text	   data	    bss	    dec	    hex	filename
  55892	    548	  69428	 125868	  1ebac	test.elf
Finished building: default.size.stdout
 
Finished building: test.list
 
00:07:00 **** Incremental Build of configuration Debug for project test ****
make -j22 all 
arm-none-eabi-gcc "../Core/Src/main.c" -mcpu=cortex-m4 -std=gnu11 -g3 -DDEBUG -DUSE_HAL_DRIVER -DSTM32G473xx -c -I../Core/Inc -I../Drivers/STM32G4xx_HAL_Driver/Inc -I../Drivers/STM32G4xx_HAL_Driver/Inc/Legacy -I../Drivers/CMSIS/Device/ST/STM32G4xx/Include -I../Drivers/CMSIS/Include -O0 -ffunction-sections -fdata-sections -Wall -fstack-usage -fcyclomatic-complexity -MMD -MP -MF"Core/Src/main.d" -MT"Core/Src/main.o" --specs=nano.specs -mfpu=fpv4-sp-d16 -mfloat-abi=hard -mthumb -o "Core/Src/main.o"
arm-none-eabi-gcc -o "test.elf" @"objects.list"   -mcpu=cortex-m4 -T"C:\Users\peter\OneDrive\Documents\IEEEMTTSCode\PhasedArrayRadar_IEEE_MTTS\STM32_Code\tutorial\test\STM32G473QETX_FLASH.ld" --specs=nosys.specs -Wl,-Map="test.map" -Wl,--gc-sections -static --specs=nano.specs -mfpu=fpv4-sp-d16 -mfloat-abi=hard -mthumb -u _printf_float -Wl,--start-group -lc -lm -Wl,--end-group
Finished building target: test.elf
 
arm-none-eabi-size  test.elf 
arm-none-eabi-objdump -h -S test.elf  > "test.list"
   text	   data	    bss	    dec	    hex	filename
  55948	    548	  69428	 125924	  1ebe4	test.elf
Finished building: default.size.stdout
 
Finished building: test.list
 
00:23:52 **** Incremental Build of configuration Debug for project test ****
make -j22 all 
arm-none-eabi-gcc "../Core/Src/main.c" -mcpu=cortex-m4 -std=gnu11 -g3 -DDEBUG -DUSE_HAL_DRIVER -DSTM32G473xx -c -I../Core/Inc -I../Drivers/STM32G4xx_HAL_Driver/Inc -I../Drivers/STM32G4xx_HAL_Driver/Inc/Legacy -I../Drivers/CMSIS/Device/ST/STM32G4xx/Include -I../Drivers/CMSIS/Include -O0 -ffunction-sections -fdata-sections -Wall -fstack-usage -fcyclomatic-complexity -MMD -MP -MF"Core/Src/main.d" -MT"Core/Src/main.o" --specs=nano.specs -mfpu=fpv4-sp-d16 -mfloat-abi=hard -mthumb -o "Core/Src/main.o"
arm-none-eabi-gcc -o "test.elf" @"objects.list"   -mcpu=cortex-m4 -T"C:\Users\peter\OneDrive\Documents\IEEEMTTSCode\PhasedArrayRadar_IEEE_MTTS\STM32_Code\tutorial\test\STM32G473QETX_FLASH.ld" --specs=nosys.specs -Wl,-Map="test.map" -Wl,--gc-sections -static --specs=nano.specs -mfpu=fpv4-sp-d16 -mfloat-abi=hard -mthumb -u _printf_float -Wl,--start-group -lc -lm -Wl,--end-group
Finished building target: test.elf
 
arm-none-eabi-size  test.elf 
arm-none-eabi-objdump -h -S test.elf  > "test.list"
   text	   data	    bss	    dec	    hex	filename
  55956	    548	  69436	 125940	  1ebf4	test.elf
Finished building: default.size.stdout
 
Finished building: test.list
 
00:27:14 **** Incremental Build of configuration Debug for project test ****
make -j22 all 
arm-none-eabi-gcc "../Core/Src/main.c" -mcpu=cortex-m4 -std=gnu11 -g3 -DDEBUG -DUSE_HAL_DRIVER -DSTM32G473xx -c -I../Core/Inc -I../Drivers/STM32G4xx_HAL_Driver/Inc -I../Drivers/STM32G4xx_HAL_Driver/Inc/Legacy -I../Drivers/CMSIS/Device/ST/STM32G4xx/Include -I../Drivers/CMSIS/Include -O0 -ffunction-sections -fdata-sections -Wall -fstack-usage -fcyclomatic-complexity -MMD -MP -MF"Core/Src/main.d" -MT"Core/Src/main.o" --specs=nano.specs -mfpu=fpv4-sp-d16 -mfloat-abi=hard -mthumb -o "Core/Src/main.o"
arm-none-eabi-gcc -o "test.elf" @"objects.list"   -mcpu=cortex-m4 -T"C:\Users\peter\OneDrive\Documents\IEEEMTTSCode\PhasedArrayRadar_IEEE_MTTS\STM32_Code\tutorial\test\STM32G473QETX_FLASH.ld" --specs=nosys.specs -Wl,-Map="test.map" -Wl,--gc-sections -static --specs=nano.specs -mfpu=fpv4-sp-d16 -mfloat-abi=hard -mthumb -u _printf_float -Wl,--start-group -lc -lm -Wl,--end-group
Finished building target: test.elf
 
arm-none-eabi-size  test.elf 
arm-none-eabi-objdump -h -S test.elf  > "test.list"
   text	   data	    bss	    dec	    hex	filename
  55956	    548	  69436	 125940	  1ebf4	test.elf
Finished building: default.size.stdout
 
Finished building: test.list
 
00:29:07 **** Incremental Build of configuration Debug for project test ****
make -j22 all 
arm-none-eabi-gcc "../Core/Src/main.c" -mcpu=cortex-m4 -std=gnu11 -g3 -DDEBUG -DUSE_HAL_DRIVER -DSTM32G473xx -c -I../Core/Inc -I../Drivers/STM32G4xx_HAL_Driver/Inc -I../Drivers/STM32G4xx_HAL_Driver/Inc/Legacy -I../Drivers/CMSIS/Device/ST/STM32G4xx/Include -I../Drivers/CMSIS/Include -O0 -ffunction-sections -fdata-sections -Wall -fstack-usage -fcyclomatic-complexity -MMD -MP -MF"Core/Src/main.d" -MT"Core/Src/main.o" --specs=nano.specs -mfpu=fpv4-sp-d16 -mfloat-abi=hard -mthumb -o "Core/Src/main.o"
arm-none-eabi-gcc -o "test.elf" @"objects.list"   -mcpu=cortex-m4 -T"C:\Users\peter\OneDrive\Documents\IEEEMTTSCode\PhasedArrayRadar_IEEE_MTTS\STM32_Code\tutorial\test\STM32G473QETX_FLASH.ld" --specs=nosys.specs -Wl,-Map="test.map" -Wl,--gc-sections -static --specs=nano.specs -mfpu=fpv4-sp-d16 -mfloat-abi=hard -mthumb -u _printf_float -Wl,--start-group -lc -lm -Wl,--end-group
Finished building target: test.elf
 
arm-none-eabi-size  test.elf 
arm-none-eabi-objdump -h -S test.elf  > "test.list"
   text	   data	    bss	    dec	    hex	filename
  55956	    548	  69436	 125940	  1ebf4	test.elf
Finished building: default.size.stdout
 
Finished building: test.list
 
00:31:43 **** Incremental Build of configuration Debug for project test ****
make -j22 all 
arm-none-eabi-gcc "../Core/Src/main.c" -mcpu=cortex-m4 -std=gnu11 -g3 -DDEBUG -DUSE_HAL_DRIVER -DSTM32G473xx -c -I../Core/Inc -I../Drivers/STM32G4xx_HAL_Driver/Inc -I../Drivers/STM32G4xx_HAL_Driver/Inc/Legacy -I../Drivers/CMSIS/Device/ST/STM32G4xx/Include -I../Drivers/CMSIS/Include -O0 -ffunction-sections -fdata-sections -Wall -fstack-usage -fcyclomatic-complexity -MMD -MP -MF"Core/Src/main.d" -MT"Core/Src/main.o" --specs=nano.specs -mfpu=fpv4-sp-d16 -mfloat-abi=hard -mthumb -o "Core/Src/main.o"
arm-none-eabi-gcc -o "test.elf" @"objects.list"   -mcpu=cortex-m4 -T"C:\Users\peter\OneDrive\Documents\IEEEMTTSCode\PhasedArrayRadar_IEEE_MTTS\STM32_Code\tutorial\test\STM32G473QETX_FLASH.ld" --specs=nosys.specs -Wl,-Map="test.map" -Wl,--gc-sections -static --specs=nano.specs -mfpu=fpv4-sp-d16 -mfloat-abi=hard -mthumb -u _printf_float -Wl,--start-group -lc -lm -Wl,--end-group
Finished building target: test.elf
 
arm-none-eabi-size  test.elf 
arm-none-eabi-objdump -h -S test.elf  > "test.list"
   text	   data	    bss	    dec	    hex	filename
  55948	    548	  69436	 125932	  1ebec	test.elf
Finished building: default.size.stdout
 
Finished building: test.list
 
00:32:55 **** Incremental Build of configuration Debug for project test ****
make -j22 all 
arm-none-eabi-gcc "../Core/Src/main.c" -mcpu=cortex-m4 -std=gnu11 -g3 -DDEBUG -DUSE_HAL_DRIVER -DSTM32G473xx -c -I../Core/Inc -I../Drivers/STM32G4xx_HAL_Driver/Inc -I../Drivers/STM32G4xx_HAL_Driver/Inc/Legacy -I../Drivers/CMSIS/Device/ST/STM32G4xx/Include -I../Drivers/CMSIS/Include -O0 -ffunction-sections -fdata-sections -Wall -fstack-usage -fcyclomatic-complexity -MMD -MP -MF"Core/Src/main.d" -MT"Core/Src/main.o" --specs=nano.specs -mfpu=fpv4-sp-d16 -mfloat-abi=hard -mthumb -o "Core/Src/main.o"
arm-none-eabi-gcc -o "test.elf" @"objects.list"   -mcpu=cortex-m4 -T"C:\Users\peter\OneDrive\Documents\IEEEMTTSCode\PhasedArrayRadar_IEEE_MTTS\STM32_Code\tutorial\test\STM32G473QETX_FLASH.ld" --specs=nosys.specs -Wl,-Map="test.map" -Wl,--gc-sections -static --specs=nano.specs -mfpu=fpv4-sp-d16 -mfloat-abi=hard -mthumb -u _printf_float -Wl,--start-group -lc -lm -Wl,--end-group
Finished building target: test.elf
 
arm-none-eabi-size  test.elf 
arm-none-eabi-objdump -h -S test.elf  > "test.list"
   text	   data	    bss	    dec	    hex	filename
  55948	    548	  69436	 125932	  1ebec	test.elf
Finished building: default.size.stdout
 
Finished building: test.list
 
00:34:12 **** Incremental Build of configuration Debug for project test ****
make -j22 all 
arm-none-eabi-gcc "../Core/Src/main.c" -mcpu=cortex-m4 -std=gnu11 -g3 -DDEBUG -DUSE_HAL_DRIVER -DSTM32G473xx -c -I../Core/Inc -I../Drivers/STM32G4xx_HAL_Driver/Inc -I../Drivers/STM32G4xx_HAL_Driver/Inc/Legacy -I../Drivers/CMSIS/Device/ST/STM32G4xx/Include -I../Drivers/CMSIS/Include -O0 -ffunction-sections -fdata-sections -Wall -fstack-usage -fcyclomatic-complexity -MMD -MP -MF"Core/Src/main.d" -MT"Core/Src/main.o" --specs=nano.specs -mfpu=fpv4-sp-d16 -mfloat-abi=hard -mthumb -o "Core/Src/main.o"
../Core/Src/main.c: In function 'main':
../Core/Src/main.c:215:12: error: 'indexStopedADC1' undeclared (first use in this function); did you mean 'indexStoppedADC1'?
  215 |         if(indexStopedADC1)
      |            ^~~~~~~~~~~~~~~
      |            indexStoppedADC1
../Core/Src/main.c:215:12: note: each undeclared identifier is reported only once for each function it appears in
../Core/Src/main.c:239:12: error: 'indexStopedADC3' undeclared (first use in this function); did you mean 'indexStoppedADC3'?
  239 |         if(indexStopedADC3)
      |            ^~~~~~~~~~~~~~~
      |            indexStoppedADC3
make: *** [Core/Src/subdir.mk:34: Core/Src/main.o] Error 1
"make -j22 all" terminated with exit code 2. Build might be incomplete.
00:34:51 **** Incremental Build of configuration Debug for project test ****
make -j22 all 
arm-none-eabi-gcc "../Core/Src/main.c" -mcpu=cortex-m4 -std=gnu11 -g3 -DDEBUG -DUSE_HAL_DRIVER -DSTM32G473xx -c -I../Core/Inc -I../Drivers/STM32G4xx_HAL_Driver/Inc -I../Drivers/STM32G4xx_HAL_Driver/Inc/Legacy -I../Drivers/CMSIS/Device/ST/STM32G4xx/Include -I../Drivers/CMSIS/Include -O0 -ffunction-sections -fdata-sections -Wall -fstack-usage -fcyclomatic-complexity -MMD -MP -MF"Core/Src/main.d" -MT"Core/Src/main.o" --specs=nano.specs -mfpu=fpv4-sp-d16 -mfloat-abi=hard -mthumb -o "Core/Src/main.o"
arm-none-eabi-gcc -o "test.elf" @"objects.list"   -mcpu=cortex-m4 -T"C:\Users\peter\OneDrive\Documents\IEEEMTTSCode\PhasedArrayRadar_IEEE_MTTS\STM32_Code\tutorial\test\STM32G473QETX_FLASH.ld" --specs=nosys.specs -Wl,-Map="test.map" -Wl,--gc-sections -static --specs=nano.specs -mfpu=fpv4-sp-d16 -mfloat-abi=hard -mthumb -u _printf_float -Wl,--start-group -lc -lm -Wl,--end-group
Finished building target: test.elf
 
arm-none-eabi-size  test.elf 
arm-none-eabi-objdump -h -S test.elf  > "test.list"
   text	   data	    bss	    dec	    hex	filename
  55948	    548	  69436	 125932	  1ebec	test.elf
Finished building: default.size.stdout
 
Finished building: test.list
 
00:35:37 **** Incremental Build of configuration Debug for project test ****
make -j22 all 
arm-none-eabi-size  test.elf 
   text	   data	    bss	    dec	    hex	filename
  55948	    548	  69436	 125932	  1ebec	test.elf
Finished building: default.size.stdout
 
00:37:14 **** Incremental Build of configuration Debug for project test ****
make -j22 all 
arm-none-eabi-gcc "../Core/Src/main.c" -mcpu=cortex-m4 -std=gnu11 -g3 -DDEBUG -DUSE_HAL_DRIVER -DSTM32G473xx -c -I../Core/Inc -I../Drivers/STM32G4xx_HAL_Driver/Inc -I../Drivers/STM32G4xx_HAL_Driver/Inc/Legacy -I../Drivers/CMSIS/Device/ST/STM32G4xx/Include -I../Drivers/CMSIS/Include -O0 -ffunction-sections -fdata-sections -Wall -fstack-usage -fcyclomatic-complexity -MMD -MP -MF"Core/Src/main.d" -MT"Core/Src/main.o" --specs=nano.specs -mfpu=fpv4-sp-d16 -mfloat-abi=hard -mthumb -o "Core/Src/main.o"
arm-none-eabi-gcc -o "test.elf" @"objects.list"   -mcpu=cortex-m4 -T"C:\Users\peter\OneDrive\Documents\IEEEMTTSCode\PhasedArrayRadar_IEEE_MTTS\STM32_Code\tutorial\test\STM32G473QETX_FLASH.ld" --specs=nosys.specs -Wl,-Map="test.map" -Wl,--gc-sections -static --specs=nano.specs -mfpu=fpv4-sp-d16 -mfloat-abi=hard -mthumb -u _printf_float -Wl,--start-group -lc -lm -Wl,--end-group
Finished building target: test.elf
 
arm-none-eabi-size  test.elf 
arm-none-eabi-objdump -h -S test.elf  > "test.list"
   text	   data	    bss	    dec	    hex	filename
  55948	    548	  69436	 125932	  1ebec	test.elf
Finished building: default.size.stdout
 
Finished building: test.list
 
00:39:24 **** Incremental Build of configuration Debug for project test ****
make -j22 all 
arm-none-eabi-gcc "../Core/Src/main.c" -mcpu=cortex-m4 -std=gnu11 -g3 -DDEBUG -DUSE_HAL_DRIVER -DSTM32G473xx -c -I../Core/Inc -I../Drivers/STM32G4xx_HAL_Driver/Inc -I../Drivers/STM32G4xx_HAL_Driver/Inc/Legacy -I../Drivers/CMSIS/Device/ST/STM32G4xx/Include -I../Drivers/CMSIS/Include -O0 -ffunction-sections -fdata-sections -Wall -fstack-usage -fcyclomatic-complexity -MMD -MP -MF"Core/Src/main.d" -MT"Core/Src/main.o" --specs=nano.specs -mfpu=fpv4-sp-d16 -mfloat-abi=hard -mthumb -o "Core/Src/main.o"
arm-none-eabi-gcc -o "test.elf" @"objects.list"   -mcpu=cortex-m4 -T"C:\Users\peter\OneDrive\Documents\IEEEMTTSCode\PhasedArrayRadar_IEEE_MTTS\STM32_Code\tutorial\test\STM32G473QETX_FLASH.ld" --specs=nosys.specs -Wl,-Map="test.map" -Wl,--gc-sections -static --specs=nano.specs -mfpu=fpv4-sp-d16 -mfloat-abi=hard -mthumb -u _printf_float -Wl,--start-group -lc -lm -Wl,--end-group
Finished building target: test.elf
 
arm-none-eabi-size  test.elf 
arm-none-eabi-objdump -h -S test.elf  > "test.list"
   text	   data	    bss	    dec	    hex	filename
  55948	    548	  69436	 125932	  1ebec	test.elf
Finished building: default.size.stdout
 
Finished building: test.list
 
01:19:30 **** Build of configuration Debug for project test ****
make -j22 all 
arm-none-eabi-gcc "../Drivers/STM32G4xx_HAL_Driver/Src/stm32g4xx_hal.c" -mcpu=cortex-m4 -std=gnu11 -g3 -DDEBUG -DARM_MATH_CM4 -DUSE_HAL_DRIVER -DSTM32G473xx -c -I../Core/Inc -I../Drivers/STM32G4xx_HAL_Driver/Inc -I../Drivers/STM32G4xx_HAL_Driver/Inc/Legacy -I../Drivers/CMSIS/Device/ST/STM32G4xx/Include -I../Drivers/CMSIS/Include -I../Drivers/CMSIS/DSP/Include -O0 -ffunction-sections -fdata-sections -Wall -fstack-usage -fcyclomatic-complexity -MMD -MP -MF"Drivers/STM32G4xx_HAL_Driver/Src/stm32g4xx_hal.d" -MT"Drivers/STM32G4xx_HAL_Driver/Src/stm32g4xx_hal.o" --specs=nano.specs -mfpu=fpv4-sp-d16 -mfloat-abi=hard -mthumb -o "Drivers/STM32G4xx_HAL_Driver/Src/stm32g4xx_hal.o"
arm-none-eabi-gcc "../Drivers/STM32G4xx_HAL_Driver/Src/stm32g4xx_hal_adc.c" -mcpu=cortex-m4 -std=gnu11 -g3 -DDEBUG -DARM_MATH_CM4 -DUSE_HAL_DRIVER -DSTM32G473xx -c -I../Core/Inc -I../Drivers/STM32G4xx_HAL_Driver/Inc -I../Drivers/STM32G4xx_HAL_Driver/Inc/Legacy -I../Drivers/CMSIS/Device/ST/STM32G4xx/Include -I../Drivers/CMSIS/Include -I../Drivers/CMSIS/DSP/Include -O0 -ffunction-sections -fdata-sections -Wall -fstack-usage -fcyclomatic-complexity -MMD -MP -MF"Drivers/STM32G4xx_HAL_Driver/Src/stm32g4xx_hal_adc.d" -MT"Drivers/STM32G4xx_HAL_Driver/Src/stm32g4xx_hal_adc.o" --specs=nano.specs -mfpu=fpv4-sp-d16 -mfloat-abi=hard -mthumb -o "Drivers/STM32G4xx_HAL_Driver/Src/stm32g4xx_hal_adc.o"
arm-none-eabi-gcc "../Drivers/STM32G4xx_HAL_Driver/Src/stm32g4xx_hal_adc_ex.c" -mcpu=cortex-m4 -std=gnu11 -g3 -DDEBUG -DARM_MATH_CM4 -DUSE_HAL_DRIVER -DSTM32G473xx -c -I../Core/Inc -I../Drivers/STM32G4xx_HAL_Driver/Inc -I../Drivers/STM32G4xx_HAL_Driver/Inc/Legacy -I../Drivers/CMSIS/Device/ST/STM32G4xx/Include -I../Drivers/CMSIS/Include -I../Drivers/CMSIS/DSP/Include -O0 -ffunction-sections -fdata-sections -Wall -fstack-usage -fcyclomatic-complexity -MMD -MP -MF"Drivers/STM32G4xx_HAL_Driver/Src/stm32g4xx_hal_adc_ex.d" -MT"Drivers/STM32G4xx_HAL_Driver/Src/stm32g4xx_hal_adc_ex.o" --specs=nano.specs -mfpu=fpv4-sp-d16 -mfloat-abi=hard -mthumb -o "Drivers/STM32G4xx_HAL_Driver/Src/stm32g4xx_hal_adc_ex.o"
arm-none-eabi-gcc "../Drivers/STM32G4xx_HAL_Driver/Src/stm32g4xx_hal_cortex.c" -mcpu=cortex-m4 -std=gnu11 -g3 -DDEBUG -DARM_MATH_CM4 -DUSE_HAL_DRIVER -DSTM32G473xx -c -I../Core/Inc -I../Drivers/STM32G4xx_HAL_Driver/Inc -I../Drivers/STM32G4xx_HAL_Driver/Inc/Legacy -I../Drivers/CMSIS/Device/ST/STM32G4xx/Include -I../Drivers/CMSIS/Include -I../Drivers/CMSIS/DSP/Include -O0 -ffunction-sections -fdata-sections -Wall -fstack-usage -fcyclomatic-complexity -MMD -MP -MF"Drivers/STM32G4xx_HAL_Driver/Src/stm32g4xx_hal_cortex.d" -MT"Drivers/STM32G4xx_HAL_Driver/Src/stm32g4xx_hal_cortex.o" --specs=nano.specs -mfpu=fpv4-sp-d16 -mfloat-abi=hard -mthumb -o "Drivers/STM32G4xx_HAL_Driver/Src/stm32g4xx_hal_cortex.o"
arm-none-eabi-gcc "../Drivers/STM32G4xx_HAL_Driver/Src/stm32g4xx_hal_dac.c" -mcpu=cortex-m4 -std=gnu11 -g3 -DDEBUG -DARM_MATH_CM4 -DUSE_HAL_DRIVER -DSTM32G473xx -c -I../Core/Inc -I../Drivers/STM32G4xx_HAL_Driver/Inc -I../Drivers/STM32G4xx_HAL_Driver/Inc/Legacy -I../Drivers/CMSIS/Device/ST/STM32G4xx/Include -I../Drivers/CMSIS/Include -I../Drivers/CMSIS/DSP/Include -O0 -ffunction-sections -fdata-sections -Wall -fstack-usage -fcyclomatic-complexity -MMD -MP -MF"Drivers/STM32G4xx_HAL_Driver/Src/stm32g4xx_hal_dac.d" -MT"Drivers/STM32G4xx_HAL_Driver/Src/stm32g4xx_hal_dac.o" --specs=nano.specs -mfpu=fpv4-sp-d16 -mfloat-abi=hard -mthumb -o "Drivers/STM32G4xx_HAL_Driver/Src/stm32g4xx_hal_dac.o"
arm-none-eabi-gcc "../Drivers/STM32G4xx_HAL_Driver/Src/stm32g4xx_hal_dac_ex.c" -mcpu=cortex-m4 -std=gnu11 -g3 -DDEBUG -DARM_MATH_CM4 -DUSE_HAL_DRIVER -DSTM32G473xx -c -I../Core/Inc -I../Drivers/STM32G4xx_HAL_Driver/Inc -I../Drivers/STM32G4xx_HAL_Driver/Inc/Legacy -I../Drivers/CMSIS/Device/ST/STM32G4xx/Include -I../Drivers/CMSIS/Include -I../Drivers/CMSIS/DSP/Include -O0 -ffunction-sections -fdata-sections -Wall -fstack-usage -fcyclomatic-complexity -MMD -MP -MF"Drivers/STM32G4xx_HAL_Driver/Src/stm32g4xx_hal_dac_ex.d" -MT"Drivers/STM32G4xx_HAL_Driver/Src/stm32g4xx_hal_dac_ex.o" --specs=nano.specs -mfpu=fpv4-sp-d16 -mfloat-abi=hard -mthumb -o "Drivers/STM32G4xx_HAL_Driver/Src/stm32g4xx_hal_dac_ex.o"
arm-none-eabi-gcc "../Drivers/STM32G4xx_HAL_Driver/Src/stm32g4xx_hal_dma.c" -mcpu=cortex-m4 -std=gnu11 -g3 -DDEBUG -DARM_MATH_CM4 -DUSE_HAL_DRIVER -DSTM32G473xx -c -I../Core/Inc -I../Drivers/STM32G4xx_HAL_Driver/Inc -I../Drivers/STM32G4xx_HAL_Driver/Inc/Legacy -I../Drivers/CMSIS/Device/ST/STM32G4xx/Include -I../Drivers/CMSIS/Include -I../Drivers/CMSIS/DSP/Include -O0 -ffunction-sections -fdata-sections -Wall -fstack-usage -fcyclomatic-complexity -MMD -MP -MF"Drivers/STM32G4xx_HAL_Driver/Src/stm32g4xx_hal_dma.d" -MT"Drivers/STM32G4xx_HAL_Driver/Src/stm32g4xx_hal_dma.o" --specs=nano.specs -mfpu=fpv4-sp-d16 -mfloat-abi=hard -mthumb -o "Drivers/STM32G4xx_HAL_Driver/Src/stm32g4xx_hal_dma.o"
arm-none-eabi-gcc "../Drivers/STM32G4xx_HAL_Driver/Src/stm32g4xx_hal_dma_ex.c" -mcpu=cortex-m4 -std=gnu11 -g3 -DDEBUG -DARM_MATH_CM4 -DUSE_HAL_DRIVER -DSTM32G473xx -c -I../Core/Inc -I../Drivers/STM32G4xx_HAL_Driver/Inc -I../Drivers/STM32G4xx_HAL_Driver/Inc/Legacy -I../Drivers/CMSIS/Device/ST/STM32G4xx/Include -I../Drivers/CMSIS/Include -I../Drivers/CMSIS/DSP/Include -O0 -ffunction-sections -fdata-sections -Wall -fstack-usage -fcyclomatic-complexity -MMD -MP -MF"Drivers/STM32G4xx_HAL_Driver/Src/stm32g4xx_hal_dma_ex.d" -MT"Drivers/STM32G4xx_HAL_Driver/Src/stm32g4xx_hal_dma_ex.o" --specs=nano.specs -mfpu=fpv4-sp-d16 -mfloat-abi=hard -mthumb -o "Drivers/STM32G4xx_HAL_Driver/Src/stm32g4xx_hal_dma_ex.o"
arm-none-eabi-gcc "../Drivers/STM32G4xx_HAL_Driver/Src/stm32g4xx_hal_exti.c" -mcpu=cortex-m4 -std=gnu11 -g3 -DDEBUG -DARM_MATH_CM4 -DUSE_HAL_DRIVER -DSTM32G473xx -c -I../Core/Inc -I../Drivers/STM32G4xx_HAL_Driver/Inc -I../Drivers/STM32G4xx_HAL_Driver/Inc/Legacy -I../Drivers/CMSIS/Device/ST/STM32G4xx/Include -I../Drivers/CMSIS/Include -I../Drivers/CMSIS/DSP/Include -O0 -ffunction-sections -fdata-sections -Wall -fstack-usage -fcyclomatic-complexity -MMD -MP -MF"Drivers/STM32G4xx_HAL_Driver/Src/stm32g4xx_hal_exti.d" -MT"Drivers/STM32G4xx_HAL_Driver/Src/stm32g4xx_hal_exti.o" --specs=nano.specs -mfpu=fpv4-sp-d16 -mfloat-abi=hard -mthumb -o "Drivers/STM32G4xx_HAL_Driver/Src/stm32g4xx_hal_exti.o"
arm-none-eabi-gcc "../Drivers/STM32G4xx_HAL_Driver/Src/stm32g4xx_hal_flash.c" -mcpu=cortex-m4 -std=gnu11 -g3 -DDEBUG -DARM_MATH_CM4 -DUSE_HAL_DRIVER -DSTM32G473xx -c -I../Core/Inc -I../Drivers/STM32G4xx_HAL_Driver/Inc -I../Drivers/STM32G4xx_HAL_Driver/Inc/Legacy -I../Drivers/CMSIS/Device/ST/STM32G4xx/Include -I../Drivers/CMSIS/Include -I../Drivers/CMSIS/DSP/Include -O0 -ffunction-sections -fdata-sections -Wall -fstack-usage -fcyclomatic-complexity -MMD -MP -MF"Drivers/STM32G4xx_HAL_Driver/Src/stm32g4xx_hal_flash.d" -MT"Drivers/STM32G4xx_HAL_Driver/Src/stm32g4xx_hal_flash.o" --specs=nano.specs -mfpu=fpv4-sp-d16 -mfloat-abi=hard -mthumb -o "Drivers/STM32G4xx_HAL_Driver/Src/stm32g4xx_hal_flash.o"
arm-none-eabi-gcc "../Drivers/STM32G4xx_HAL_Driver/Src/stm32g4xx_hal_flash_ex.c" -mcpu=cortex-m4 -std=gnu11 -g3 -DDEBUG -DARM_MATH_CM4 -DUSE_HAL_DRIVER -DSTM32G473xx -c -I../Core/Inc -I../Drivers/STM32G4xx_HAL_Driver/Inc -I../Drivers/STM32G4xx_HAL_Driver/Inc/Legacy -I../Drivers/CMSIS/Device/ST/STM32G4xx/Include -I../Drivers/CMSIS/Include -I../Drivers/CMSIS/DSP/Include -O0 -ffunction-sections -fdata-sections -Wall -fstack-usage -fcyclomatic-complexity -MMD -MP -MF"Drivers/STM32G4xx_HAL_Driver/Src/stm32g4xx_hal_flash_ex.d" -MT"Drivers/STM32G4xx_HAL_Driver/Src/stm32g4xx_hal_flash_ex.o" --specs=nano.specs -mfpu=fpv4-sp-d16 -mfloat-abi=hard -mthumb -o "Drivers/STM32G4xx_HAL_Driver/Src/stm32g4xx_hal_flash_ex.o"
arm-none-eabi-gcc "../Drivers/STM32G4xx_HAL_Driver/Src/stm32g4xx_hal_flash_ramfunc.c" -mcpu=cortex-m4 -std=gnu11 -g3 -DDEBUG -DARM_MATH_CM4 -DUSE_HAL_DRIVER -DSTM32G473xx -c -I../Core/Inc -I../Drivers/STM32G4xx_HAL_Driver/Inc -I../Drivers/STM32G4xx_HAL_Driver/Inc/Legacy -I../Drivers/CMSIS/Device/ST/STM32G4xx/Include -I../Drivers/CMSIS/Include -I../Drivers/CMSIS/DSP/Include -O0 -ffunction-sections -fdata-sections -Wall -fstack-usage -fcyclomatic-complexity -MMD -MP -MF"Drivers/STM32G4xx_HAL_Driver/Src/stm32g4xx_hal_flash_ramfunc.d" -MT"Drivers/STM32G4xx_HAL_Driver/Src/stm32g4xx_hal_flash_ramfunc.o" --specs=nano.specs -mfpu=fpv4-sp-d16 -mfloat-abi=hard -mthumb -o "Drivers/STM32G4xx_HAL_Driver/Src/stm32g4xx_hal_flash_ramfunc.o"
arm-none-eabi-gcc "../Drivers/STM32G4xx_HAL_Driver/Src/stm32g4xx_hal_gpio.c" -mcpu=cortex-m4 -std=gnu11 -g3 -DDEBUG -DARM_MATH_CM4 -DUSE_HAL_DRIVER -DSTM32G473xx -c -I../Core/Inc -I../Drivers/STM32G4xx_HAL_Driver/Inc -I../Drivers/STM32G4xx_HAL_Driver/Inc/Legacy -I../Drivers/CMSIS/Device/ST/STM32G4xx/Include -I../Drivers/CMSIS/Include -I../Drivers/CMSIS/DSP/Include -O0 -ffunction-sections -fdata-sections -Wall -fstack-usage -fcyclomatic-complexity -MMD -MP -MF"Drivers/STM32G4xx_HAL_Driver/Src/stm32g4xx_hal_gpio.d" -MT"Drivers/STM32G4xx_HAL_Driver/Src/stm32g4xx_hal_gpio.o" --specs=nano.specs -mfpu=fpv4-sp-d16 -mfloat-abi=hard -mthumb -o "Drivers/STM32G4xx_HAL_Driver/Src/stm32g4xx_hal_gpio.o"
arm-none-eabi-gcc "../Drivers/STM32G4xx_HAL_Driver/Src/stm32g4xx_hal_opamp.c" -mcpu=cortex-m4 -std=gnu11 -g3 -DDEBUG -DARM_MATH_CM4 -DUSE_HAL_DRIVER -DSTM32G473xx -c -I../Core/Inc -I../Drivers/STM32G4xx_HAL_Driver/Inc -I../Drivers/STM32G4xx_HAL_Driver/Inc/Legacy -I../Drivers/CMSIS/Device/ST/STM32G4xx/Include -I../Drivers/CMSIS/Include -I../Drivers/CMSIS/DSP/Include -O0 -ffunction-sections -fdata-sections -Wall -fstack-usage -fcyclomatic-complexity -MMD -MP -MF"Drivers/STM32G4xx_HAL_Driver/Src/stm32g4xx_hal_opamp.d" -MT"Drivers/STM32G4xx_HAL_Driver/Src/stm32g4xx_hal_opamp.o" --specs=nano.specs -mfpu=fpv4-sp-d16 -mfloat-abi=hard -mthumb -o "Drivers/STM32G4xx_HAL_Driver/Src/stm32g4xx_hal_opamp.o"
arm-none-eabi-gcc "../Drivers/STM32G4xx_HAL_Driver/Src/stm32g4xx_hal_opamp_ex.c" -mcpu=cortex-m4 -std=gnu11 -g3 -DDEBUG -DARM_MATH_CM4 -DUSE_HAL_DRIVER -DSTM32G473xx -c -I../Core/Inc -I../Drivers/STM32G4xx_HAL_Driver/Inc -I../Drivers/STM32G4xx_HAL_Driver/Inc/Legacy -I../Drivers/CMSIS/Device/ST/STM32G4xx/Include -I../Drivers/CMSIS/Include -I../Drivers/CMSIS/DSP/Include -O0 -ffunction-sections -fdata-sections -Wall -fstack-usage -fcyclomatic-complexity -MMD -MP -MF"Drivers/STM32G4xx_HAL_Driver/Src/stm32g4xx_hal_opamp_ex.d" -MT"Drivers/STM32G4xx_HAL_Driver/Src/stm32g4xx_hal_opamp_ex.o" --specs=nano.specs -mfpu=fpv4-sp-d16 -mfloat-abi=hard -mthumb -o "Drivers/STM32G4xx_HAL_Driver/Src/stm32g4xx_hal_opamp_ex.o"
arm-none-eabi-gcc "../Drivers/STM32G4xx_HAL_Driver/Src/stm32g4xx_hal_pwr.c" -mcpu=cortex-m4 -std=gnu11 -g3 -DDEBUG -DARM_MATH_CM4 -DUSE_HAL_DRIVER -DSTM32G473xx -c -I../Core/Inc -I../Drivers/STM32G4xx_HAL_Driver/Inc -I../Drivers/STM32G4xx_HAL_Driver/Inc/Legacy -I../Drivers/CMSIS/Device/ST/STM32G4xx/Include -I../Drivers/CMSIS/Include -I../Drivers/CMSIS/DSP/Include -O0 -ffunction-sections -fdata-sections -Wall -fstack-usage -fcyclomatic-complexity -MMD -MP -MF"Drivers/STM32G4xx_HAL_Driver/Src/stm32g4xx_hal_pwr.d" -MT"Drivers/STM32G4xx_HAL_Driver/Src/stm32g4xx_hal_pwr.o" --specs=nano.specs -mfpu=fpv4-sp-d16 -mfloat-abi=hard -mthumb -o "Drivers/STM32G4xx_HAL_Driver/Src/stm32g4xx_hal_pwr.o"
arm-none-eabi-gcc "../Drivers/STM32G4xx_HAL_Driver/Src/stm32g4xx_hal_pwr_ex.c" -mcpu=cortex-m4 -std=gnu11 -g3 -DDEBUG -DARM_MATH_CM4 -DUSE_HAL_DRIVER -DSTM32G473xx -c -I../Core/Inc -I../Drivers/STM32G4xx_HAL_Driver/Inc -I../Drivers/STM32G4xx_HAL_Driver/Inc/Legacy -I../Drivers/CMSIS/Device/ST/STM32G4xx/Include -I../Drivers/CMSIS/Include -I../Drivers/CMSIS/DSP/Include -O0 -ffunction-sections -fdata-sections -Wall -fstack-usage -fcyclomatic-complexity -MMD -MP -MF"Drivers/STM32G4xx_HAL_Driver/Src/stm32g4xx_hal_pwr_ex.d" -MT"Drivers/STM32G4xx_HAL_Driver/Src/stm32g4xx_hal_pwr_ex.o" --specs=nano.specs -mfpu=fpv4-sp-d16 -mfloat-abi=hard -mthumb -o "Drivers/STM32G4xx_HAL_Driver/Src/stm32g4xx_hal_pwr_ex.o"
arm-none-eabi-gcc "../Drivers/STM32G4xx_HAL_Driver/Src/stm32g4xx_hal_rcc.c" -mcpu=cortex-m4 -std=gnu11 -g3 -DDEBUG -DARM_MATH_CM4 -DUSE_HAL_DRIVER -DSTM32G473xx -c -I../Core/Inc -I../Drivers/STM32G4xx_HAL_Driver/Inc -I../Drivers/STM32G4xx_HAL_Driver/Inc/Legacy -I../Drivers/CMSIS/Device/ST/STM32G4xx/Include -I../Drivers/CMSIS/Include -I../Drivers/CMSIS/DSP/Include -O0 -ffunction-sections -fdata-sections -Wall -fstack-usage -fcyclomatic-complexity -MMD -MP -MF"Drivers/STM32G4xx_HAL_Driver/Src/stm32g4xx_hal_rcc.d" -MT"Drivers/STM32G4xx_HAL_Driver/Src/stm32g4xx_hal_rcc.o" --specs=nano.specs -mfpu=fpv4-sp-d16 -mfloat-abi=hard -mthumb -o "Drivers/STM32G4xx_HAL_Driver/Src/stm32g4xx_hal_rcc.o"
arm-none-eabi-gcc "../Drivers/STM32G4xx_HAL_Driver/Src/stm32g4xx_hal_rcc_ex.c" -mcpu=cortex-m4 -std=gnu11 -g3 -DDEBUG -DARM_MATH_CM4 -DUSE_HAL_DRIVER -DSTM32G473xx -c -I../Core/Inc -I../Drivers/STM32G4xx_HAL_Driver/Inc -I../Drivers/STM32G4xx_HAL_Driver/Inc/Legacy -I../Drivers/CMSIS/Device/ST/STM32G4xx/Include -I../Drivers/CMSIS/Include -I../Drivers/CMSIS/DSP/Include -O0 -ffunction-sections -fdata-sections -Wall -fstack-usage -fcyclomatic-complexity -MMD -MP -MF"Drivers/STM32G4xx_HAL_Driver/Src/stm32g4xx_hal_rcc_ex.d" -MT"Drivers/STM32G4xx_HAL_Driver/Src/stm32g4xx_hal_rcc_ex.o" --specs=nano.specs -mfpu=fpv4-sp-d16 -mfloat-abi=hard -mthumb -o "Drivers/STM32G4xx_HAL_Driver/Src/stm32g4xx_hal_rcc_ex.o"
arm-none-eabi-gcc "../Drivers/STM32G4xx_HAL_Driver/Src/stm32g4xx_hal_spi.c" -mcpu=cortex-m4 -std=gnu11 -g3 -DDEBUG -DARM_MATH_CM4 -DUSE_HAL_DRIVER -DSTM32G473xx -c -I../Core/Inc -I../Drivers/STM32G4xx_HAL_Driver/Inc -I../Drivers/STM32G4xx_HAL_Driver/Inc/Legacy -I../Drivers/CMSIS/Device/ST/STM32G4xx/Include -I../Drivers/CMSIS/Include -I../Drivers/CMSIS/DSP/Include -O0 -ffunction-sections -fdata-sections -Wall -fstack-usage -fcyclomatic-complexity -MMD -MP -MF"Drivers/STM32G4xx_HAL_Driver/Src/stm32g4xx_hal_spi.d" -MT"Drivers/STM32G4xx_HAL_Driver/Src/stm32g4xx_hal_spi.o" --specs=nano.specs -mfpu=fpv4-sp-d16 -mfloat-abi=hard -mthumb -o "Drivers/STM32G4xx_HAL_Driver/Src/stm32g4xx_hal_spi.o"
arm-none-eabi-gcc "../Drivers/STM32G4xx_HAL_Driver/Src/stm32g4xx_hal_spi_ex.c" -mcpu=cortex-m4 -std=gnu11 -g3 -DDEBUG -DARM_MATH_CM4 -DUSE_HAL_DRIVER -DSTM32G473xx -c -I../Core/Inc -I../Drivers/STM32G4xx_HAL_Driver/Inc -I../Drivers/STM32G4xx_HAL_Driver/Inc/Legacy -I../Drivers/CMSIS/Device/ST/STM32G4xx/Include -I../Drivers/CMSIS/Include -I../Drivers/CMSIS/DSP/Include -O0 -ffunction-sections -fdata-sections -Wall -fstack-usage -fcyclomatic-complexity -MMD -MP -MF"Drivers/STM32G4xx_HAL_Driver/Src/stm32g4xx_hal_spi_ex.d" -MT"Drivers/STM32G4xx_HAL_Driver/Src/stm32g4xx_hal_spi_ex.o" --specs=nano.specs -mfpu=fpv4-sp-d16 -mfloat-abi=hard -mthumb -o "Drivers/STM32G4xx_HAL_Driver/Src/stm32g4xx_hal_spi_ex.o"
arm-none-eabi-gcc "../Drivers/STM32G4xx_HAL_Driver/Src/stm32g4xx_hal_tim.c" -mcpu=cortex-m4 -std=gnu11 -g3 -DDEBUG -DARM_MATH_CM4 -DUSE_HAL_DRIVER -DSTM32G473xx -c -I../Core/Inc -I../Drivers/STM32G4xx_HAL_Driver/Inc -I../Drivers/STM32G4xx_HAL_Driver/Inc/Legacy -I../Drivers/CMSIS/Device/ST/STM32G4xx/Include -I../Drivers/CMSIS/Include -I../Drivers/CMSIS/DSP/Include -O0 -ffunction-sections -fdata-sections -Wall -fstack-usage -fcyclomatic-complexity -MMD -MP -MF"Drivers/STM32G4xx_HAL_Driver/Src/stm32g4xx_hal_tim.d" -MT"Drivers/STM32G4xx_HAL_Driver/Src/stm32g4xx_hal_tim.o" --specs=nano.specs -mfpu=fpv4-sp-d16 -mfloat-abi=hard -mthumb -o "Drivers/STM32G4xx_HAL_Driver/Src/stm32g4xx_hal_tim.o"
arm-none-eabi-gcc "../Drivers/STM32G4xx_HAL_Driver/Src/stm32g4xx_hal_tim_ex.c" -mcpu=cortex-m4 -std=gnu11 -g3 -DDEBUG -DARM_MATH_CM4 -DUSE_HAL_DRIVER -DSTM32G473xx -c -I../Core/Inc -I../Drivers/STM32G4xx_HAL_Driver/Inc -I../Drivers/STM32G4xx_HAL_Driver/Inc/Legacy -I../Drivers/CMSIS/Device/ST/STM32G4xx/Include -I../Drivers/CMSIS/Include -I../Drivers/CMSIS/DSP/Include -O0 -ffunction-sections -fdata-sections -Wall -fstack-usage -fcyclomatic-complexity -MMD -MP -MF"Drivers/STM32G4xx_HAL_Driver/Src/stm32g4xx_hal_tim_ex.d" -MT"Drivers/STM32G4xx_HAL_Driver/Src/stm32g4xx_hal_tim_ex.o" --specs=nano.specs -mfpu=fpv4-sp-d16 -mfloat-abi=hard -mthumb -o "Drivers/STM32G4xx_HAL_Driver/Src/stm32g4xx_hal_tim_ex.o"
arm-none-eabi-gcc "../Drivers/STM32G4xx_HAL_Driver/Src/stm32g4xx_hal_uart.c" -mcpu=cortex-m4 -std=gnu11 -g3 -DDEBUG -DARM_MATH_CM4 -DUSE_HAL_DRIVER -DSTM32G473xx -c -I../Core/Inc -I../Drivers/STM32G4xx_HAL_Driver/Inc -I../Drivers/STM32G4xx_HAL_Driver/Inc/Legacy -I../Drivers/CMSIS/Device/ST/STM32G4xx/Include -I../Drivers/CMSIS/Include -I../Drivers/CMSIS/DSP/Include -O0 -ffunction-sections -fdata-sections -Wall -fstack-usage -fcyclomatic-complexity -MMD -MP -MF"Drivers/STM32G4xx_HAL_Driver/Src/stm32g4xx_hal_uart.d" -MT"Drivers/STM32G4xx_HAL_Driver/Src/stm32g4xx_hal_uart.o" --specs=nano.specs -mfpu=fpv4-sp-d16 -mfloat-abi=hard -mthumb -o "Drivers/STM32G4xx_HAL_Driver/Src/stm32g4xx_hal_uart.o"
arm-none-eabi-gcc "../Drivers/STM32G4xx_HAL_Driver/Src/stm32g4xx_hal_uart_ex.c" -mcpu=cortex-m4 -std=gnu11 -g3 -DDEBUG -DARM_MATH_CM4 -DUSE_HAL_DRIVER -DSTM32G473xx -c -I../Core/Inc -I../Drivers/STM32G4xx_HAL_Driver/Inc -I../Drivers/STM32G4xx_HAL_Driver/Inc/Legacy -I../Drivers/CMSIS/Device/ST/STM32G4xx/Include -I../Drivers/CMSIS/Include -I../Drivers/CMSIS/DSP/Include -O0 -ffunction-sections -fdata-sections -Wall -fstack-usage -fcyclomatic-complexity -MMD -MP -MF"Drivers/STM32G4xx_HAL_Driver/Src/stm32g4xx_hal_uart_ex.d" -MT"Drivers/STM32G4xx_HAL_Driver/Src/stm32g4xx_hal_uart_ex.o" --specs=nano.specs -mfpu=fpv4-sp-d16 -mfloat-abi=hard -mthumb -o "Drivers/STM32G4xx_HAL_Driver/Src/stm32g4xx_hal_uart_ex.o"
arm-none-eabi-gcc "../Drivers/STM32G4xx_HAL_Driver/Src/stm32g4xx_ll_adc.c" -mcpu=cortex-m4 -std=gnu11 -g3 -DDEBUG -DARM_MATH_CM4 -DUSE_HAL_DRIVER -DSTM32G473xx -c -I../Core/Inc -I../Drivers/STM32G4xx_HAL_Driver/Inc -I../Drivers/STM32G4xx_HAL_Driver/Inc/Legacy -I../Drivers/CMSIS/Device/ST/STM32G4xx/Include -I../Drivers/CMSIS/Include -I../Drivers/CMSIS/DSP/Include -O0 -ffunction-sections -fdata-sections -Wall -fstack-usage -fcyclomatic-complexity -MMD -MP -MF"Drivers/STM32G4xx_HAL_Driver/Src/stm32g4xx_ll_adc.d" -MT"Drivers/STM32G4xx_HAL_Driver/Src/stm32g4xx_ll_adc.o" --specs=nano.specs -mfpu=fpv4-sp-d16 -mfloat-abi=hard -mthumb -o "Drivers/STM32G4xx_HAL_Driver/Src/stm32g4xx_ll_adc.o"
arm-none-eabi-gcc "../Core/Src/main.c" -mcpu=cortex-m4 -std=gnu11 -g3 -DDEBUG -DARM_MATH_CM4 -DUSE_HAL_DRIVER -DSTM32G473xx -c -I../Core/Inc -I../Drivers/STM32G4xx_HAL_Driver/Inc -I../Drivers/STM32G4xx_HAL_Driver/Inc/Legacy -I../Drivers/CMSIS/Device/ST/STM32G4xx/Include -I../Drivers/CMSIS/Include -I../Drivers/CMSIS/DSP/Include -O0 -ffunction-sections -fdata-sections -Wall -fstack-usage -fcyclomatic-complexity -MMD -MP -MF"Core/Src/main.d" -MT"Core/Src/main.o" --specs=nano.specs -mfpu=fpv4-sp-d16 -mfloat-abi=hard -mthumb -o "Core/Src/main.o"
arm-none-eabi-gcc "../Core/Src/stm32g4xx_hal_msp.c" -mcpu=cortex-m4 -std=gnu11 -g3 -DDEBUG -DARM_MATH_CM4 -DUSE_HAL_DRIVER -DSTM32G473xx -c -I../Core/Inc -I../Drivers/STM32G4xx_HAL_Driver/Inc -I../Drivers/STM32G4xx_HAL_Driver/Inc/Legacy -I../Drivers/CMSIS/Device/ST/STM32G4xx/Include -I../Drivers/CMSIS/Include -I../Drivers/CMSIS/DSP/Include -O0 -ffunction-sections -fdata-sections -Wall -fstack-usage -fcyclomatic-complexity -MMD -MP -MF"Core/Src/stm32g4xx_hal_msp.d" -MT"Core/Src/stm32g4xx_hal_msp.o" --specs=nano.specs -mfpu=fpv4-sp-d16 -mfloat-abi=hard -mthumb -o "Core/Src/stm32g4xx_hal_msp.o"
arm-none-eabi-gcc "../Core/Src/stm32g4xx_it.c" -mcpu=cortex-m4 -std=gnu11 -g3 -DDEBUG -DARM_MATH_CM4 -DUSE_HAL_DRIVER -DSTM32G473xx -c -I../Core/Inc -I../Drivers/STM32G4xx_HAL_Driver/Inc -I../Drivers/STM32G4xx_HAL_Driver/Inc/Legacy -I../Drivers/CMSIS/Device/ST/STM32G4xx/Include -I../Drivers/CMSIS/Include -I../Drivers/CMSIS/DSP/Include -O0 -ffunction-sections -fdata-sections -Wall -fstack-usage -fcyclomatic-complexity -MMD -MP -MF"Core/Src/stm32g4xx_it.d" -MT"Core/Src/stm32g4xx_it.o" --specs=nano.specs -mfpu=fpv4-sp-d16 -mfloat-abi=hard -mthumb -o "Core/Src/stm32g4xx_it.o"
arm-none-eabi-gcc "../Core/Src/syscalls.c" -mcpu=cortex-m4 -std=gnu11 -g3 -DDEBUG -DARM_MATH_CM4 -DUSE_HAL_DRIVER -DSTM32G473xx -c -I../Core/Inc -I../Drivers/STM32G4xx_HAL_Driver/Inc -I../Drivers/STM32G4xx_HAL_Driver/Inc/Legacy -I../Drivers/CMSIS/Device/ST/STM32G4xx/Include -I../Drivers/CMSIS/Include -I../Drivers/CMSIS/DSP/Include -O0 -ffunction-sections -fdata-sections -Wall -fstack-usage -fcyclomatic-complexity -MMD -MP -MF"Core/Src/syscalls.d" -MT"Core/Src/syscalls.o" --specs=nano.specs -mfpu=fpv4-sp-d16 -mfloat-abi=hard -mthumb -o "Core/Src/syscalls.o"
arm-none-eabi-gcc "../Core/Src/sysmem.c" -mcpu=cortex-m4 -std=gnu11 -g3 -DDEBUG -DARM_MATH_CM4 -DUSE_HAL_DRIVER -DSTM32G473xx -c -I../Core/Inc -I../Drivers/STM32G4xx_HAL_Driver/Inc -I../Drivers/STM32G4xx_HAL_Driver/Inc/Legacy -I../Drivers/CMSIS/Device/ST/STM32G4xx/Include -I../Drivers/CMSIS/Include -I../Drivers/CMSIS/DSP/Include -O0 -ffunction-sections -fdata-sections -Wall -fstack-usage -fcyclomatic-complexity -MMD -MP -MF"Core/Src/sysmem.d" -MT"Core/Src/sysmem.o" --specs=nano.specs -mfpu=fpv4-sp-d16 -mfloat-abi=hard -mthumb -o "Core/Src/sysmem.o"
arm-none-eabi-gcc "../Core/Src/system_stm32g4xx.c" -mcpu=cortex-m4 -std=gnu11 -g3 -DDEBUG -DARM_MATH_CM4 -DUSE_HAL_DRIVER -DSTM32G473xx -c -I../Core/Inc -I../Drivers/STM32G4xx_HAL_Driver/Inc -I../Drivers/STM32G4xx_HAL_Driver/Inc/Legacy -I../Drivers/CMSIS/Device/ST/STM32G4xx/Include -I../Drivers/CMSIS/Include -I../Drivers/CMSIS/DSP/Include -O0 -ffunction-sections -fdata-sections -Wall -fstack-usage -fcyclomatic-complexity -MMD -MP -MF"Core/Src/system_stm32g4xx.d" -MT"Core/Src/system_stm32g4xx.o" --specs=nano.specs -mfpu=fpv4-sp-d16 -mfloat-abi=hard -mthumb -o "Core/Src/system_stm32g4xx.o"
arm-none-eabi-gcc -o "test.elf" @"objects.list"  -larm_cortexM4lf_math -mcpu=cortex-m4 -T"C:\Users\peter\OneDrive\Documents\IEEEMTTSCode\PhasedArrayRadar_IEEE_MTTS\STM32_Code\tutorial\test\STM32G473QETX_FLASH.ld" --specs=nosys.specs -Wl,-Map="test.map" -Wl,--gc-sections -static -L../Drivers/CMSIS/Lib/GCC --specs=nano.specs -mfpu=fpv4-sp-d16 -mfloat-abi=hard -mthumb -u _printf_float -Wl,--start-group -lc -lm -Wl,--end-group
Finished building target: test.elf
 
arm-none-eabi-size  test.elf 
arm-none-eabi-objdump -h -S test.elf  > "test.list"
   text	   data	    bss	    dec	    hex	filename
  55948	    548	  69436	 125932	  1ebec	test.elf
Finished building: default.size.stdout
 
Finished building: test.list
 
21:26:35 **** Build of configuration Debug for project test ****
make -j22 all 
arm-none-eabi-gcc "../Core/Src/main.c" -mcpu=cortex-m4 -std=gnu11 -g3 -DDEBUG -DARM_MATH_CM4 -DUSE_HAL_DRIVER -DSTM32G473xx -c -I../Core/Inc -I../Drivers/STM32G4xx_HAL_Driver/Inc -I../Drivers/STM32G4xx_HAL_Driver/Inc/Legacy -I../Drivers/CMSIS/Device/ST/STM32G4xx/Include -I../Drivers/CMSIS/Include -I../Drivers/CMSIS/DSP/Include -O0 -ffunction-sections -fdata-sections -Wall -fstack-usage -fcyclomatic-complexity -MMD -MP -MF"Core/Src/main.d" -MT"Core/Src/main.o" --specs=nano.specs -mfpu=fpv4-sp-d16 -mfloat-abi=hard -mthumb -o "Core/Src/main.o"
../Core/Src/main.c:113:1: error: unknown type name 'arm_rfft_fast_instance_f16'; did you mean 'arm_rfft_fast_instance_f32'?
  113 | arm_rfft_fast_instance_f16 fftHandler;
      | ^~~~~~~~~~~~~~~~~~~~~~~~~~
      | arm_rfft_fast_instance_f32
../Core/Src/main.c: In function 'main':
../Core/Src/main.c:218:3: warning: implicit declaration of function 'arm_rfft_fast_init_f16'; did you mean 'arm_rfft_fast_init_f32'? [-Wimplicit-function-declaration]
  218 |   arm_rfft_fast_init_f16(&fftHandler, ADC_BUF_LEN/2);
      |   ^~~~~~~~~~~~~~~~~~~~~~
      |   arm_rfft_fast_init_f32
../Core/Src/main.c: In function 'Process_HalfBuffer':
../Core/Src/main.c:1720:30: error: 'fftIndexADC1' undeclared (first use in this function); did you mean 'fftIndexADC12'?
 1720 |                 fftBufInADC1[fftIndexADC1] = leftIn;
      |                              ^~~~~~~~~~~~
      |                              fftIndexADC12
../Core/Src/main.c:1720:30: note: each undeclared identifier is reported only once for each function it appears in
../Core/Src/main.c:1727:30: error: 'fftIndexADC2' undeclared (first use in this function); did you mean 'fftIndexADC12'?
 1727 |                 fftBufInADC3[fftIndexADC2] = leftIn;
      |                              ^~~~~~~~~~~~
      |                              fftIndexADC12
../Core/Src/main.c:1736:35: warning: passing argument 1 of 'arm_rfft_fast_f32' from incompatible pointer type [-Wincompatible-pointer-types]
 1736 |                 arm_rfft_fast_f32(&fftHandler, &fftBufInADC1, &fftBufOutADC1, 0);
      |                                   ^~~~~~~~~~~
      |                                   |
      |                                   int *
In file included from ../Core/Src/main.c:39:
../Drivers/CMSIS/DSP/Include/arm_math.h:2389:38: note: expected 'arm_rfft_fast_instance_f32 *' but argument is of type 'int *'
 2389 |         arm_rfft_fast_instance_f32 * S,
      |         ~~~~~~~~~~~~~~~~~~~~~~~~~~~~~^
../Core/Src/main.c:1736:48: warning: passing argument 2 of 'arm_rfft_fast_f32' from incompatible pointer type [-Wincompatible-pointer-types]
 1736 |                 arm_rfft_fast_f32(&fftHandler, &fftBufInADC1, &fftBufOutADC1, 0);
      |                                                ^~~~~~~~~~~~~
      |                                                |
      |                                                float (*)[4096]
../Drivers/CMSIS/DSP/Include/arm_math.h:2390:21: note: expected 'float32_t *' {aka 'float *'} but argument is of type 'float (*)[4096]'
 2390 |         float32_t * p, float32_t * pOut,
      |         ~~~~~~~~~~~~^
../Core/Src/main.c:1736:63: warning: passing argument 3 of 'arm_rfft_fast_f32' from incompatible pointer type [-Wincompatible-pointer-types]
 1736 |                 arm_rfft_fast_f32(&fftHandler, &fftBufInADC1, &fftBufOutADC1, 0);
      |                                                               ^~~~~~~~~~~~~~
      |                                                               |
      |                                                               float (*)[4096]
../Drivers/CMSIS/DSP/Include/arm_math.h:2390:36: note: expected 'float32_t *' {aka 'float *'} but argument is of type 'float (*)[4096]'
 2390 |         float32_t * p, float32_t * pOut,
      |                        ~~~~~~~~~~~~^~~~
../Core/Src/main.c:1737:35: warning: passing argument 1 of 'arm_rfft_fast_f32' from incompatible pointer type [-Wincompatible-pointer-types]
 1737 |                 arm_rfft_fast_f32(&fftHandler, &fftBufInADC2, &fftBufOutADC2, 0);
      |                                   ^~~~~~~~~~~
      |                                   |
      |                                   int *
../Drivers/CMSIS/DSP/Include/arm_math.h:2389:38: note: expected 'arm_rfft_fast_instance_f32 *' but argument is of type 'int *'
 2389 |         arm_rfft_fast_instance_f32 * S,
      |         ~~~~~~~~~~~~~~~~~~~~~~~~~~~~~^
../Core/Src/main.c:1737:48: warning: passing argument 2 of 'arm_rfft_fast_f32' from incompatible pointer type [-Wincompatible-pointer-types]
 1737 |                 arm_rfft_fast_f32(&fftHandler, &fftBufInADC2, &fftBufOutADC2, 0);
      |                                                ^~~~~~~~~~~~~
      |                                                |
      |                                                float (*)[4096]
../Drivers/CMSIS/DSP/Include/arm_math.h:2390:21: note: expected 'float32_t *' {aka 'float *'} but argument is of type 'float (*)[4096]'
 2390 |         float32_t * p, float32_t * pOut,
      |         ~~~~~~~~~~~~^
../Core/Src/main.c:1737:63: warning: passing argument 3 of 'arm_rfft_fast_f32' from incompatible pointer type [-Wincompatible-pointer-types]
 1737 |                 arm_rfft_fast_f32(&fftHandler, &fftBufInADC2, &fftBufOutADC2, 0);
      |                                                               ^~~~~~~~~~~~~~
      |                                                               |
      |                                                               float (*)[4096]
../Drivers/CMSIS/DSP/Include/arm_math.h:2390:36: note: expected 'float32_t *' {aka 'float *'} but argument is of type 'float (*)[4096]'
 2390 |         float32_t * p, float32_t * pOut,
      |                        ~~~~~~~~~~~~^~~~
../Core/Src/main.c:1747:35: warning: passing argument 1 of 'arm_rfft_fast_f32' from incompatible pointer type [-Wincompatible-pointer-types]
 1747 |                 arm_rfft_fast_f32(&fftHandler, &fftBufInADC3, &fftBufOutADC3, 0);
      |                                   ^~~~~~~~~~~
      |                                   |
      |                                   int *
../Drivers/CMSIS/DSP/Include/arm_math.h:2389:38: note: expected 'arm_rfft_fast_instance_f32 *' but argument is of type 'int *'
 2389 |         arm_rfft_fast_instance_f32 * S,
      |         ~~~~~~~~~~~~~~~~~~~~~~~~~~~~~^
../Core/Src/main.c:1747:48: warning: passing argument 2 of 'arm_rfft_fast_f32' from incompatible pointer type [-Wincompatible-pointer-types]
 1747 |                 arm_rfft_fast_f32(&fftHandler, &fftBufInADC3, &fftBufOutADC3, 0);
      |                                                ^~~~~~~~~~~~~
      |                                                |
      |                                                float (*)[4096]
../Drivers/CMSIS/DSP/Include/arm_math.h:2390:21: note: expected 'float32_t *' {aka 'float *'} but argument is of type 'float (*)[4096]'
 2390 |         float32_t * p, float32_t * pOut,
      |         ~~~~~~~~~~~~^
../Core/Src/main.c:1747:63: warning: passing argument 3 of 'arm_rfft_fast_f32' from incompatible pointer type [-Wincompatible-pointer-types]
 1747 |                 arm_rfft_fast_f32(&fftHandler, &fftBufInADC3, &fftBufOutADC3, 0);
      |                                                               ^~~~~~~~~~~~~~
      |                                                               |
      |                                                               float (*)[4096]
../Drivers/CMSIS/DSP/Include/arm_math.h:2390:36: note: expected 'float32_t *' {aka 'float *'} but argument is of type 'float (*)[4096]'
 2390 |         float32_t * p, float32_t * pOut,
      |                        ~~~~~~~~~~~~^~~~
../Core/Src/main.c:1748:35: warning: passing argument 1 of 'arm_rfft_fast_f32' from incompatible pointer type [-Wincompatible-pointer-types]
 1748 |                 arm_rfft_fast_f32(&fftHandler, &fftBufInADC4, &fftBufOutADC4, 0);
      |                                   ^~~~~~~~~~~
      |                                   |
      |                                   int *
../Drivers/CMSIS/DSP/Include/arm_math.h:2389:38: note: expected 'arm_rfft_fast_instance_f32 *' but argument is of type 'int *'
 2389 |         arm_rfft_fast_instance_f32 * S,
      |         ~~~~~~~~~~~~~~~~~~~~~~~~~~~~~^
../Core/Src/main.c:1748:48: warning: passing argument 2 of 'arm_rfft_fast_f32' from incompatible pointer type [-Wincompatible-pointer-types]
 1748 |                 arm_rfft_fast_f32(&fftHandler, &fftBufInADC4, &fftBufOutADC4, 0);
      |                                                ^~~~~~~~~~~~~
      |                                                |
      |                                                float (*)[4096]
../Drivers/CMSIS/DSP/Include/arm_math.h:2390:21: note: expected 'float32_t *' {aka 'float *'} but argument is of type 'float (*)[4096]'
 2390 |         float32_t * p, float32_t * pOut,
      |         ~~~~~~~~~~~~^
../Core/Src/main.c:1748:63: warning: passing argument 3 of 'arm_rfft_fast_f32' from incompatible pointer type [-Wincompatible-pointer-types]
 1748 |                 arm_rfft_fast_f32(&fftHandler, &fftBufInADC4, &fftBufOutADC4, 0);
      |                                                               ^~~~~~~~~~~~~~
      |                                                               |
      |                                                               float (*)[4096]
../Drivers/CMSIS/DSP/Include/arm_math.h:2390:36: note: expected 'float32_t *' {aka 'float *'} but argument is of type 'float (*)[4096]'
 2390 |         float32_t * p, float32_t * pOut,
      |                        ~~~~~~~~~~~~^~~~
make: *** [Core/Src/subdir.mk:34: Core/Src/main.o] Error 1
"make -j22 all" terminated with exit code 2. Build might be incomplete.
21:28:28 **** Incremental Build of configuration Debug for project test ****
make -j22 all 
arm-none-eabi-gcc "../Core/Src/main.c" -mcpu=cortex-m4 -std=gnu11 -g3 -DDEBUG -DARM_MATH_CM4 -DUSE_HAL_DRIVER -DSTM32G473xx -c -I../Core/Inc -I../Drivers/STM32G4xx_HAL_Driver/Inc -I../Drivers/STM32G4xx_HAL_Driver/Inc/Legacy -I../Drivers/CMSIS/Device/ST/STM32G4xx/Include -I../Drivers/CMSIS/Include -I../Drivers/CMSIS/DSP/Include -O0 -ffunction-sections -fdata-sections -Wall -fstack-usage -fcyclomatic-complexity -MMD -MP -MF"Core/Src/main.d" -MT"Core/Src/main.o" --specs=nano.specs -mfpu=fpv4-sp-d16 -mfloat-abi=hard -mthumb -o "Core/Src/main.o"
../Core/Src/main.c: In function 'main':
../Core/Src/main.c:218:3: warning: implicit declaration of function 'arm_rfft_fast_init_f16'; did you mean 'arm_rfft_fast_init_f32'? [-Wimplicit-function-declaration]
  218 |   arm_rfft_fast_init_f16(&fftHandler, ADC_BUF_LEN/2);
      |   ^~~~~~~~~~~~~~~~~~~~~~
      |   arm_rfft_fast_init_f32
../Core/Src/main.c: In function 'Process_HalfBuffer':
../Core/Src/main.c:1736:48: warning: passing argument 2 of 'arm_rfft_fast_f32' from incompatible pointer type [-Wincompatible-pointer-types]
 1736 |                 arm_rfft_fast_f32(&fftHandler, &fftBufInADC1, &fftBufOutADC1, 0);
      |                                                ^~~~~~~~~~~~~
      |                                                |
      |                                                float (*)[4096]
In file included from ../Core/Src/main.c:39:
../Drivers/CMSIS/DSP/Include/arm_math.h:2390:21: note: expected 'float32_t *' {aka 'float *'} but argument is of type 'float (*)[4096]'
 2390 |         float32_t * p, float32_t * pOut,
      |         ~~~~~~~~~~~~^
../Core/Src/main.c:1736:63: warning: passing argument 3 of 'arm_rfft_fast_f32' from incompatible pointer type [-Wincompatible-pointer-types]
 1736 |                 arm_rfft_fast_f32(&fftHandler, &fftBufInADC1, &fftBufOutADC1, 0);
      |                                                               ^~~~~~~~~~~~~~
      |                                                               |
      |                                                               float (*)[4096]
../Drivers/CMSIS/DSP/Include/arm_math.h:2390:36: note: expected 'float32_t *' {aka 'float *'} but argument is of type 'float (*)[4096]'
 2390 |         float32_t * p, float32_t * pOut,
      |                        ~~~~~~~~~~~~^~~~
../Core/Src/main.c:1737:48: warning: passing argument 2 of 'arm_rfft_fast_f32' from incompatible pointer type [-Wincompatible-pointer-types]
 1737 |                 arm_rfft_fast_f32(&fftHandler, &fftBufInADC2, &fftBufOutADC2, 0);
      |                                                ^~~~~~~~~~~~~
      |                                                |
      |                                                float (*)[4096]
../Drivers/CMSIS/DSP/Include/arm_math.h:2390:21: note: expected 'float32_t *' {aka 'float *'} but argument is of type 'float (*)[4096]'
 2390 |         float32_t * p, float32_t * pOut,
      |         ~~~~~~~~~~~~^
../Core/Src/main.c:1737:63: warning: passing argument 3 of 'arm_rfft_fast_f32' from incompatible pointer type [-Wincompatible-pointer-types]
 1737 |                 arm_rfft_fast_f32(&fftHandler, &fftBufInADC2, &fftBufOutADC2, 0);
      |                                                               ^~~~~~~~~~~~~~
      |                                                               |
      |                                                               float (*)[4096]
../Drivers/CMSIS/DSP/Include/arm_math.h:2390:36: note: expected 'float32_t *' {aka 'float *'} but argument is of type 'float (*)[4096]'
 2390 |         float32_t * p, float32_t * pOut,
      |                        ~~~~~~~~~~~~^~~~
../Core/Src/main.c:1747:48: warning: passing argument 2 of 'arm_rfft_fast_f32' from incompatible pointer type [-Wincompatible-pointer-types]
 1747 |                 arm_rfft_fast_f32(&fftHandler, &fftBufInADC3, &fftBufOutADC3, 0);
      |                                                ^~~~~~~~~~~~~
      |                                                |
      |                                                float (*)[4096]
../Drivers/CMSIS/DSP/Include/arm_math.h:2390:21: note: expected 'float32_t *' {aka 'float *'} but argument is of type 'float (*)[4096]'
 2390 |         float32_t * p, float32_t * pOut,
      |         ~~~~~~~~~~~~^
../Core/Src/main.c:1747:63: warning: passing argument 3 of 'arm_rfft_fast_f32' from incompatible pointer type [-Wincompatible-pointer-types]
 1747 |                 arm_rfft_fast_f32(&fftHandler, &fftBufInADC3, &fftBufOutADC3, 0);
      |                                                               ^~~~~~~~~~~~~~
      |                                                               |
      |                                                               float (*)[4096]
../Drivers/CMSIS/DSP/Include/arm_math.h:2390:36: note: expected 'float32_t *' {aka 'float *'} but argument is of type 'float (*)[4096]'
 2390 |         float32_t * p, float32_t * pOut,
      |                        ~~~~~~~~~~~~^~~~
../Core/Src/main.c:1748:48: warning: passing argument 2 of 'arm_rfft_fast_f32' from incompatible pointer type [-Wincompatible-pointer-types]
 1748 |                 arm_rfft_fast_f32(&fftHandler, &fftBufInADC4, &fftBufOutADC4, 0);
      |                                                ^~~~~~~~~~~~~
      |                                                |
      |                                                float (*)[4096]
../Drivers/CMSIS/DSP/Include/arm_math.h:2390:21: note: expected 'float32_t *' {aka 'float *'} but argument is of type 'float (*)[4096]'
 2390 |         float32_t * p, float32_t * pOut,
      |         ~~~~~~~~~~~~^
../Core/Src/main.c:1748:63: warning: passing argument 3 of 'arm_rfft_fast_f32' from incompatible pointer type [-Wincompatible-pointer-types]
 1748 |                 arm_rfft_fast_f32(&fftHandler, &fftBufInADC4, &fftBufOutADC4, 0);
      |                                                               ^~~~~~~~~~~~~~
      |                                                               |
      |                                                               float (*)[4096]
../Drivers/CMSIS/DSP/Include/arm_math.h:2390:36: note: expected 'float32_t *' {aka 'float *'} but argument is of type 'float (*)[4096]'
 2390 |         float32_t * p, float32_t * pOut,
      |                        ~~~~~~~~~~~~^~~~
arm-none-eabi-gcc -o "test.elf" @"objects.list"  -larm_cortexM4lf_math -mcpu=cortex-m4 -T"C:\Users\peter\OneDrive\Documents\IEEEMTTSCode\PhasedArrayRadar_IEEE_MTTS\STM32_Code\tutorial\test\STM32G473QETX_FLASH.ld" --specs=nosys.specs -Wl,-Map="test.map" -Wl,--gc-sections -static -L../Drivers/CMSIS/Lib/GCC --specs=nano.specs -mfpu=fpv4-sp-d16 -mfloat-abi=hard -mthumb -u _printf_float -Wl,--start-group -lc -lm -Wl,--end-group
C:/ST/STM32CubeIDE_1.18.0/STM32CubeIDE/plugins/com.st.stm32cube.ide.mcu.externaltools.gnu-tools-for-stm32.13.3.rel1.win32_1.0.0.202411081344/tools/bin/../lib/gcc/arm-none-eabi/13.3.1/../../../../arm-none-eabi/bin/ld.exe: ./Core/Src/main.o: in function `main':
C:/Users/peter/OneDrive/Documents/IEEEMTTSCode/PhasedArrayRadar_IEEE_MTTS/STM32_Code/tutorial/test/Debug/../Core/Src/main.c:218:(.text.main+0x70): undefined reference to `arm_rfft_fast_init_f16'
collect2.exe: error: ld returned 1 exit status
make: *** [makefile:64: test.elf] Error 1
"make -j22 all" terminated with exit code 2. Build might be incomplete.
21:29:06 **** Incremental Build of configuration Debug for project test ****
make -j22 all 
arm-none-eabi-gcc "../Core/Src/main.c" -mcpu=cortex-m4 -std=gnu11 -g3 -DDEBUG -DARM_MATH_CM4 -DUSE_HAL_DRIVER -DSTM32G473xx -c -I../Core/Inc -I../Drivers/STM32G4xx_HAL_Driver/Inc -I../Drivers/STM32G4xx_HAL_Driver/Inc/Legacy -I../Drivers/CMSIS/Device/ST/STM32G4xx/Include -I../Drivers/CMSIS/Include -I../Drivers/CMSIS/DSP/Include -O0 -ffunction-sections -fdata-sections -Wall -fstack-usage -fcyclomatic-complexity -MMD -MP -MF"Core/Src/main.d" -MT"Core/Src/main.o" --specs=nano.specs -mfpu=fpv4-sp-d16 -mfloat-abi=hard -mthumb -o "Core/Src/main.o"
../Core/Src/main.c: In function 'Process_HalfBuffer':
../Core/Src/main.c:1736:48: warning: passing argument 2 of 'arm_rfft_fast_f32' from incompatible pointer type [-Wincompatible-pointer-types]
 1736 |                 arm_rfft_fast_f32(&fftHandler, &fftBufInADC1, &fftBufOutADC1, 0);
      |                                                ^~~~~~~~~~~~~
      |                                                |
      |                                                float (*)[4096]
In file included from ../Core/Src/main.c:39:
../Drivers/CMSIS/DSP/Include/arm_math.h:2390:21: note: expected 'float32_t *' {aka 'float *'} but argument is of type 'float (*)[4096]'
 2390 |         float32_t * p, float32_t * pOut,
      |         ~~~~~~~~~~~~^
../Core/Src/main.c:1736:63: warning: passing argument 3 of 'arm_rfft_fast_f32' from incompatible pointer type [-Wincompatible-pointer-types]
 1736 |                 arm_rfft_fast_f32(&fftHandler, &fftBufInADC1, &fftBufOutADC1, 0);
      |                                                               ^~~~~~~~~~~~~~
      |                                                               |
      |                                                               float (*)[4096]
../Drivers/CMSIS/DSP/Include/arm_math.h:2390:36: note: expected 'float32_t *' {aka 'float *'} but argument is of type 'float (*)[4096]'
 2390 |         float32_t * p, float32_t * pOut,
      |                        ~~~~~~~~~~~~^~~~
../Core/Src/main.c:1737:48: warning: passing argument 2 of 'arm_rfft_fast_f32' from incompatible pointer type [-Wincompatible-pointer-types]
 1737 |                 arm_rfft_fast_f32(&fftHandler, &fftBufInADC2, &fftBufOutADC2, 0);
      |                                                ^~~~~~~~~~~~~
      |                                                |
      |                                                float (*)[4096]
../Drivers/CMSIS/DSP/Include/arm_math.h:2390:21: note: expected 'float32_t *' {aka 'float *'} but argument is of type 'float (*)[4096]'
 2390 |         float32_t * p, float32_t * pOut,
      |         ~~~~~~~~~~~~^
../Core/Src/main.c:1737:63: warning: passing argument 3 of 'arm_rfft_fast_f32' from incompatible pointer type [-Wincompatible-pointer-types]
 1737 |                 arm_rfft_fast_f32(&fftHandler, &fftBufInADC2, &fftBufOutADC2, 0);
      |                                                               ^~~~~~~~~~~~~~
      |                                                               |
      |                                                               float (*)[4096]
../Drivers/CMSIS/DSP/Include/arm_math.h:2390:36: note: expected 'float32_t *' {aka 'float *'} but argument is of type 'float (*)[4096]'
 2390 |         float32_t * p, float32_t * pOut,
      |                        ~~~~~~~~~~~~^~~~
../Core/Src/main.c:1747:48: warning: passing argument 2 of 'arm_rfft_fast_f32' from incompatible pointer type [-Wincompatible-pointer-types]
 1747 |                 arm_rfft_fast_f32(&fftHandler, &fftBufInADC3, &fftBufOutADC3, 0);
      |                                                ^~~~~~~~~~~~~
      |                                                |
      |                                                float (*)[4096]
../Drivers/CMSIS/DSP/Include/arm_math.h:2390:21: note: expected 'float32_t *' {aka 'float *'} but argument is of type 'float (*)[4096]'
 2390 |         float32_t * p, float32_t * pOut,
      |         ~~~~~~~~~~~~^
../Core/Src/main.c:1747:63: warning: passing argument 3 of 'arm_rfft_fast_f32' from incompatible pointer type [-Wincompatible-pointer-types]
 1747 |                 arm_rfft_fast_f32(&fftHandler, &fftBufInADC3, &fftBufOutADC3, 0);
      |                                                               ^~~~~~~~~~~~~~
      |                                                               |
      |                                                               float (*)[4096]
../Drivers/CMSIS/DSP/Include/arm_math.h:2390:36: note: expected 'float32_t *' {aka 'float *'} but argument is of type 'float (*)[4096]'
 2390 |         float32_t * p, float32_t * pOut,
      |                        ~~~~~~~~~~~~^~~~
../Core/Src/main.c:1748:48: warning: passing argument 2 of 'arm_rfft_fast_f32' from incompatible pointer type [-Wincompatible-pointer-types]
 1748 |                 arm_rfft_fast_f32(&fftHandler, &fftBufInADC4, &fftBufOutADC4, 0);
      |                                                ^~~~~~~~~~~~~
      |                                                |
      |                                                float (*)[4096]
../Drivers/CMSIS/DSP/Include/arm_math.h:2390:21: note: expected 'float32_t *' {aka 'float *'} but argument is of type 'float (*)[4096]'
 2390 |         float32_t * p, float32_t * pOut,
      |         ~~~~~~~~~~~~^
../Core/Src/main.c:1748:63: warning: passing argument 3 of 'arm_rfft_fast_f32' from incompatible pointer type [-Wincompatible-pointer-types]
 1748 |                 arm_rfft_fast_f32(&fftHandler, &fftBufInADC4, &fftBufOutADC4, 0);
      |                                                               ^~~~~~~~~~~~~~
      |                                                               |
      |                                                               float (*)[4096]
../Drivers/CMSIS/DSP/Include/arm_math.h:2390:36: note: expected 'float32_t *' {aka 'float *'} but argument is of type 'float (*)[4096]'
 2390 |         float32_t * p, float32_t * pOut,
      |                        ~~~~~~~~~~~~^~~~
arm-none-eabi-gcc -o "test.elf" @"objects.list"  -larm_cortexM4lf_math -mcpu=cortex-m4 -T"C:\Users\peter\OneDrive\Documents\IEEEMTTSCode\PhasedArrayRadar_IEEE_MTTS\STM32_Code\tutorial\test\STM32G473QETX_FLASH.ld" --specs=nosys.specs -Wl,-Map="test.map" -Wl,--gc-sections -static -L../Drivers/CMSIS/Lib/GCC --specs=nano.specs -mfpu=fpv4-sp-d16 -mfloat-abi=hard -mthumb -u _printf_float -Wl,--start-group -lc -lm -Wl,--end-group
Finished building target: test.elf
 
arm-none-eabi-size  test.elf 
arm-none-eabi-objdump -h -S test.elf  > "test.list"
   text	   data	    bss	    dec	    hex	filename
 132412	    580	  69204	 202196	  315d4	test.elf
Finished building: default.size.stdout
 
Finished building: test.list
 
21:29:24 **** Incremental Build of configuration Debug for project test ****
make -j22 all 
arm-none-eabi-size  test.elf 
   text	   data	    bss	    dec	    hex	filename
 132412	    580	  69204	 202196	  315d4	test.elf
Finished building: default.size.stdout
 
21:29:56 **** Incremental Build of configuration Debug for project test ****
make -j22 all 
arm-none-eabi-size  test.elf 
   text	   data	    bss	    dec	    hex	filename
 132412	    580	  69204	 202196	  315d4	test.elf
Finished building: default.size.stdout
 
21:30:09 **** Incremental Build of configuration Debug for project test ****
make -j22 all 
arm-none-eabi-size  test.elf 
   text	   data	    bss	    dec	    hex	filename
 132412	    580	  69204	 202196	  315d4	test.elf
Finished building: default.size.stdout
 
21:31:39 **** Incremental Build of configuration Debug for project test ****
make -j22 all 
arm-none-eabi-gcc "../Core/Src/main.c" -mcpu=cortex-m4 -std=gnu11 -g3 -DDEBUG -DARM_MATH_CM4 -DUSE_HAL_DRIVER -DSTM32G473xx -c -I../Core/Inc -I../Drivers/STM32G4xx_HAL_Driver/Inc -I../Drivers/STM32G4xx_HAL_Driver/Inc/Legacy -I../Drivers/CMSIS/Device/ST/STM32G4xx/Include -I../Drivers/CMSIS/Include -I../Drivers/CMSIS/DSP/Include -O0 -ffunction-sections -fdata-sections -Wall -fstack-usage -fcyclomatic-complexity -MMD -MP -MF"Core/Src/main.d" -MT"Core/Src/main.o" --specs=nano.specs -mfpu=fpv4-sp-d16 -mfloat-abi=hard -mthumb -o "Core/Src/main.o"
../Core/Src/main.c: In function 'HAL_ADC_ConvHalfCpltCallback':
../Core/Src/main.c:1620:9: warning: implicit declaration of function 'Process_HalfBuffer' [-Wimplicit-function-declaration]
 1620 |         Process_HalfBuffer(hadc, 1);
      |         ^~~~~~~~~~~~~~~~~~
../Core/Src/main.c: At top level:
../Core/Src/main.c:1683:6: warning: conflicting types for 'Process_HalfBuffer'; have 'void(ADC_HandleTypeDef *, int)'
 1683 | void Process_HalfBuffer(ADC_HandleTypeDef* hadc, int cycle) { //If cycle = 1 we are dealing with the first half of the input buffer, if cycle = 2 then the second half
      |      ^~~~~~~~~~~~~~~~~~
../Core/Src/main.c:1620:9: note: previous implicit declaration of 'Process_HalfBuffer' with type 'void(ADC_HandleTypeDef *, int)'
 1620 |         Process_HalfBuffer(hadc, 1);
      |         ^~~~~~~~~~~~~~~~~~
../Core/Src/main.c: In function 'Process_HalfBuffer':
../Core/Src/main.c:1744:48: warning: passing argument 2 of 'arm_rfft_fast_f32' from incompatible pointer type [-Wincompatible-pointer-types]
 1744 |                 arm_rfft_fast_f32(&fftHandler, &fftBufInADC1, &fftBufOutADC1, 0);
      |                                                ^~~~~~~~~~~~~
      |                                                |
      |                                                float (*)[4096]
In file included from ../Core/Src/main.c:39:
../Drivers/CMSIS/DSP/Include/arm_math.h:2390:21: note: expected 'float32_t *' {aka 'float *'} but argument is of type 'float (*)[4096]'
 2390 |         float32_t * p, float32_t * pOut,
      |         ~~~~~~~~~~~~^
../Core/Src/main.c:1744:63: warning: passing argument 3 of 'arm_rfft_fast_f32' from incompatible pointer type [-Wincompatible-pointer-types]
 1744 |                 arm_rfft_fast_f32(&fftHandler, &fftBufInADC1, &fftBufOutADC1, 0);
      |                                                               ^~~~~~~~~~~~~~
      |                                                               |
      |                                                               float (*)[4096]
../Drivers/CMSIS/DSP/Include/arm_math.h:2390:36: note: expected 'float32_t *' {aka 'float *'} but argument is of type 'float (*)[4096]'
 2390 |         float32_t * p, float32_t * pOut,
      |                        ~~~~~~~~~~~~^~~~
../Core/Src/main.c:1745:48: warning: passing argument 2 of 'arm_rfft_fast_f32' from incompatible pointer type [-Wincompatible-pointer-types]
 1745 |                 arm_rfft_fast_f32(&fftHandler, &fftBufInADC2, &fftBufOutADC2, 0);
      |                                                ^~~~~~~~~~~~~
      |                                                |
      |                                                float (*)[4096]
../Drivers/CMSIS/DSP/Include/arm_math.h:2390:21: note: expected 'float32_t *' {aka 'float *'} but argument is of type 'float (*)[4096]'
 2390 |         float32_t * p, float32_t * pOut,
      |         ~~~~~~~~~~~~^
../Core/Src/main.c:1745:63: warning: passing argument 3 of 'arm_rfft_fast_f32' from incompatible pointer type [-Wincompatible-pointer-types]
 1745 |                 arm_rfft_fast_f32(&fftHandler, &fftBufInADC2, &fftBufOutADC2, 0);
      |                                                               ^~~~~~~~~~~~~~
      |                                                               |
      |                                                               float (*)[4096]
../Drivers/CMSIS/DSP/Include/arm_math.h:2390:36: note: expected 'float32_t *' {aka 'float *'} but argument is of type 'float (*)[4096]'
 2390 |         float32_t * p, float32_t * pOut,
      |                        ~~~~~~~~~~~~^~~~
../Core/Src/main.c:1755:48: warning: passing argument 2 of 'arm_rfft_fast_f32' from incompatible pointer type [-Wincompatible-pointer-types]
 1755 |                 arm_rfft_fast_f32(&fftHandler, &fftBufInADC3, &fftBufOutADC3, 0);
      |                                                ^~~~~~~~~~~~~
      |                                                |
      |                                                float (*)[4096]
../Drivers/CMSIS/DSP/Include/arm_math.h:2390:21: note: expected 'float32_t *' {aka 'float *'} but argument is of type 'float (*)[4096]'
 2390 |         float32_t * p, float32_t * pOut,
      |         ~~~~~~~~~~~~^
../Core/Src/main.c:1755:63: warning: passing argument 3 of 'arm_rfft_fast_f32' from incompatible pointer type [-Wincompatible-pointer-types]
 1755 |                 arm_rfft_fast_f32(&fftHandler, &fftBufInADC3, &fftBufOutADC3, 0);
      |                                                               ^~~~~~~~~~~~~~
      |                                                               |
      |                                                               float (*)[4096]
../Drivers/CMSIS/DSP/Include/arm_math.h:2390:36: note: expected 'float32_t *' {aka 'float *'} but argument is of type 'float (*)[4096]'
 2390 |         float32_t * p, float32_t * pOut,
      |                        ~~~~~~~~~~~~^~~~
../Core/Src/main.c:1756:48: warning: passing argument 2 of 'arm_rfft_fast_f32' from incompatible pointer type [-Wincompatible-pointer-types]
 1756 |                 arm_rfft_fast_f32(&fftHandler, &fftBufInADC4, &fftBufOutADC4, 0);
      |                                                ^~~~~~~~~~~~~
      |                                                |
      |                                                float (*)[4096]
../Drivers/CMSIS/DSP/Include/arm_math.h:2390:21: note: expected 'float32_t *' {aka 'float *'} but argument is of type 'float (*)[4096]'
 2390 |         float32_t * p, float32_t * pOut,
      |         ~~~~~~~~~~~~^
../Core/Src/main.c:1756:63: warning: passing argument 3 of 'arm_rfft_fast_f32' from incompatible pointer type [-Wincompatible-pointer-types]
 1756 |                 arm_rfft_fast_f32(&fftHandler, &fftBufInADC4, &fftBufOutADC4, 0);
      |                                                               ^~~~~~~~~~~~~~
      |                                                               |
      |                                                               float (*)[4096]
../Drivers/CMSIS/DSP/Include/arm_math.h:2390:36: note: expected 'float32_t *' {aka 'float *'} but argument is of type 'float (*)[4096]'
 2390 |         float32_t * p, float32_t * pOut,
      |                        ~~~~~~~~~~~~^~~~
arm-none-eabi-gcc -o "test.elf" @"objects.list"  -larm_cortexM4lf_math -mcpu=cortex-m4 -T"C:\Users\peter\OneDrive\Documents\IEEEMTTSCode\PhasedArrayRadar_IEEE_MTTS\STM32_Code\tutorial\test\STM32G473QETX_FLASH.ld" --specs=nosys.specs -Wl,-Map="test.map" -Wl,--gc-sections -static -L../Drivers/CMSIS/Lib/GCC --specs=nano.specs -mfpu=fpv4-sp-d16 -mfloat-abi=hard -mthumb -u _printf_float -Wl,--start-group -lc -lm -Wl,--end-group
C:/ST/STM32CubeIDE_1.18.0/STM32CubeIDE/plugins/com.st.stm32cube.ide.mcu.externaltools.gnu-tools-for-stm32.13.3.rel1.win32_1.0.0.202411081344/tools/bin/../lib/gcc/arm-none-eabi/13.3.1/../../../../arm-none-eabi/bin/ld.exe: test.elf section `.bss' will not fit in region `RAM'
C:/ST/STM32CubeIDE_1.18.0/STM32CubeIDE/plugins/com.st.stm32cube.ide.mcu.externaltools.gnu-tools-for-stm32.13.3.rel1.win32_1.0.0.202411081344/tools/bin/../lib/gcc/arm-none-eabi/13.3.1/../../../../arm-none-eabi/bin/ld.exe: region `RAM' overflowed by 4232 bytes
collect2.exe: error: ld returned 1 exit status
make: *** [makefile:64: test.elf] Error 1
"make -j22 all" terminated with exit code 2. Build might be incomplete.
21:32:08 **** Incremental Build of configuration Debug for project test ****
make -j22 all 
arm-none-eabi-gcc "../Core/Src/main.c" -mcpu=cortex-m4 -std=gnu11 -g3 -DDEBUG -DARM_MATH_CM4 -DUSE_HAL_DRIVER -DSTM32G473xx -c -I../Core/Inc -I../Drivers/STM32G4xx_HAL_Driver/Inc -I../Drivers/STM32G4xx_HAL_Driver/Inc/Legacy -I../Drivers/CMSIS/Device/ST/STM32G4xx/Include -I../Drivers/CMSIS/Include -I../Drivers/CMSIS/DSP/Include -O0 -ffunction-sections -fdata-sections -Wall -fstack-usage -fcyclomatic-complexity -MMD -MP -MF"Core/Src/main.d" -MT"Core/Src/main.o" --specs=nano.specs -mfpu=fpv4-sp-d16 -mfloat-abi=hard -mthumb -o "Core/Src/main.o"
../Core/Src/main.c: In function 'Process_HalfBuffer':
../Core/Src/main.c:1745:48: warning: passing argument 2 of 'arm_rfft_fast_f32' from incompatible pointer type [-Wincompatible-pointer-types]
 1745 |                 arm_rfft_fast_f32(&fftHandler, &fftBufInADC1, &fftBufOutADC1, 0);
      |                                                ^~~~~~~~~~~~~
      |                                                |
      |                                                float (*)[4096]
In file included from ../Core/Src/main.c:39:
../Drivers/CMSIS/DSP/Include/arm_math.h:2390:21: note: expected 'float32_t *' {aka 'float *'} but argument is of type 'float (*)[4096]'
 2390 |         float32_t * p, float32_t * pOut,
      |         ~~~~~~~~~~~~^
../Core/Src/main.c:1745:63: warning: passing argument 3 of 'arm_rfft_fast_f32' from incompatible pointer type [-Wincompatible-pointer-types]
 1745 |                 arm_rfft_fast_f32(&fftHandler, &fftBufInADC1, &fftBufOutADC1, 0);
      |                                                               ^~~~~~~~~~~~~~
      |                                                               |
      |                                                               float (*)[4096]
../Drivers/CMSIS/DSP/Include/arm_math.h:2390:36: note: expected 'float32_t *' {aka 'float *'} but argument is of type 'float (*)[4096]'
 2390 |         float32_t * p, float32_t * pOut,
      |                        ~~~~~~~~~~~~^~~~
../Core/Src/main.c:1746:48: warning: passing argument 2 of 'arm_rfft_fast_f32' from incompatible pointer type [-Wincompatible-pointer-types]
 1746 |                 arm_rfft_fast_f32(&fftHandler, &fftBufInADC2, &fftBufOutADC2, 0);
      |                                                ^~~~~~~~~~~~~
      |                                                |
      |                                                float (*)[4096]
../Drivers/CMSIS/DSP/Include/arm_math.h:2390:21: note: expected 'float32_t *' {aka 'float *'} but argument is of type 'float (*)[4096]'
 2390 |         float32_t * p, float32_t * pOut,
      |         ~~~~~~~~~~~~^
../Core/Src/main.c:1746:63: warning: passing argument 3 of 'arm_rfft_fast_f32' from incompatible pointer type [-Wincompatible-pointer-types]
 1746 |                 arm_rfft_fast_f32(&fftHandler, &fftBufInADC2, &fftBufOutADC2, 0);
      |                                                               ^~~~~~~~~~~~~~
      |                                                               |
      |                                                               float (*)[4096]
../Drivers/CMSIS/DSP/Include/arm_math.h:2390:36: note: expected 'float32_t *' {aka 'float *'} but argument is of type 'float (*)[4096]'
 2390 |         float32_t * p, float32_t * pOut,
      |                        ~~~~~~~~~~~~^~~~
../Core/Src/main.c:1756:48: warning: passing argument 2 of 'arm_rfft_fast_f32' from incompatible pointer type [-Wincompatible-pointer-types]
 1756 |                 arm_rfft_fast_f32(&fftHandler, &fftBufInADC3, &fftBufOutADC3, 0);
      |                                                ^~~~~~~~~~~~~
      |                                                |
      |                                                float (*)[4096]
../Drivers/CMSIS/DSP/Include/arm_math.h:2390:21: note: expected 'float32_t *' {aka 'float *'} but argument is of type 'float (*)[4096]'
 2390 |         float32_t * p, float32_t * pOut,
      |         ~~~~~~~~~~~~^
../Core/Src/main.c:1756:63: warning: passing argument 3 of 'arm_rfft_fast_f32' from incompatible pointer type [-Wincompatible-pointer-types]
 1756 |                 arm_rfft_fast_f32(&fftHandler, &fftBufInADC3, &fftBufOutADC3, 0);
      |                                                               ^~~~~~~~~~~~~~
      |                                                               |
      |                                                               float (*)[4096]
../Drivers/CMSIS/DSP/Include/arm_math.h:2390:36: note: expected 'float32_t *' {aka 'float *'} but argument is of type 'float (*)[4096]'
 2390 |         float32_t * p, float32_t * pOut,
      |                        ~~~~~~~~~~~~^~~~
../Core/Src/main.c:1757:48: warning: passing argument 2 of 'arm_rfft_fast_f32' from incompatible pointer type [-Wincompatible-pointer-types]
 1757 |                 arm_rfft_fast_f32(&fftHandler, &fftBufInADC4, &fftBufOutADC4, 0);
      |                                                ^~~~~~~~~~~~~
      |                                                |
      |                                                float (*)[4096]
../Drivers/CMSIS/DSP/Include/arm_math.h:2390:21: note: expected 'float32_t *' {aka 'float *'} but argument is of type 'float (*)[4096]'
 2390 |         float32_t * p, float32_t * pOut,
      |         ~~~~~~~~~~~~^
../Core/Src/main.c:1757:63: warning: passing argument 3 of 'arm_rfft_fast_f32' from incompatible pointer type [-Wincompatible-pointer-types]
 1757 |                 arm_rfft_fast_f32(&fftHandler, &fftBufInADC4, &fftBufOutADC4, 0);
      |                                                               ^~~~~~~~~~~~~~
      |                                                               |
      |                                                               float (*)[4096]
../Drivers/CMSIS/DSP/Include/arm_math.h:2390:36: note: expected 'float32_t *' {aka 'float *'} but argument is of type 'float (*)[4096]'
 2390 |         float32_t * p, float32_t * pOut,
      |                        ~~~~~~~~~~~~^~~~
arm-none-eabi-gcc -o "test.elf" @"objects.list"  -larm_cortexM4lf_math -mcpu=cortex-m4 -T"C:\Users\peter\OneDrive\Documents\IEEEMTTSCode\PhasedArrayRadar_IEEE_MTTS\STM32_Code\tutorial\test\STM32G473QETX_FLASH.ld" --specs=nosys.specs -Wl,-Map="test.map" -Wl,--gc-sections -static -L../Drivers/CMSIS/Lib/GCC --specs=nano.specs -mfpu=fpv4-sp-d16 -mfloat-abi=hard -mthumb -u _printf_float -Wl,--start-group -lc -lm -Wl,--end-group
C:/ST/STM32CubeIDE_1.18.0/STM32CubeIDE/plugins/com.st.stm32cube.ide.mcu.externaltools.gnu-tools-for-stm32.13.3.rel1.win32_1.0.0.202411081344/tools/bin/../lib/gcc/arm-none-eabi/13.3.1/../../../../arm-none-eabi/bin/ld.exe: test.elf section `.bss' will not fit in region `RAM'
C:/ST/STM32CubeIDE_1.18.0/STM32CubeIDE/plugins/com.st.stm32cube.ide.mcu.externaltools.gnu-tools-for-stm32.13.3.rel1.win32_1.0.0.202411081344/tools/bin/../lib/gcc/arm-none-eabi/13.3.1/../../../../arm-none-eabi/bin/ld.exe: region `RAM' overflowed by 4232 bytes
collect2.exe: error: ld returned 1 exit status
make: *** [makefile:64: test.elf] Error 1
"make -j22 all" terminated with exit code 2. Build might be incomplete.
21:35:28 **** Incremental Build of configuration Debug for project test ****
make -j22 all 
arm-none-eabi-gcc "../Core/Src/main.c" -mcpu=cortex-m4 -std=gnu11 -g3 -DDEBUG -DARM_MATH_CM4 -DUSE_HAL_DRIVER -DSTM32G473xx -c -I../Core/Inc -I../Drivers/STM32G4xx_HAL_Driver/Inc -I../Drivers/STM32G4xx_HAL_Driver/Inc/Legacy -I../Drivers/CMSIS/Device/ST/STM32G4xx/Include -I../Drivers/CMSIS/Include -I../Drivers/CMSIS/DSP/Include -O0 -ffunction-sections -fdata-sections -Wall -fstack-usage -fcyclomatic-complexity -MMD -MP -MF"Core/Src/main.d" -MT"Core/Src/main.o" --specs=nano.specs -mfpu=fpv4-sp-d16 -mfloat-abi=hard -mthumb -o "Core/Src/main.o"
../Core/Src/main.c: In function 'Process_HalfBuffer':
../Core/Src/main.c:1756:48: warning: passing argument 2 of 'arm_rfft_fast_f32' from incompatible pointer type [-Wincompatible-pointer-types]
 1756 |                 arm_rfft_fast_f32(&fftHandler, &fftBufInADC3, &fftBufOutADC3, 0);
      |                                                ^~~~~~~~~~~~~
      |                                                |
      |                                                float32_t (*)[4096] {aka float (*)[4096]}
In file included from ../Core/Src/main.c:39:
../Drivers/CMSIS/DSP/Include/arm_math.h:2390:21: note: expected 'float32_t *' {aka 'float *'} but argument is of type 'float32_t (*)[4096]' {aka 'float (*)[4096]'}
 2390 |         float32_t * p, float32_t * pOut,
      |         ~~~~~~~~~~~~^
../Core/Src/main.c:1756:63: warning: passing argument 3 of 'arm_rfft_fast_f32' from incompatible pointer type [-Wincompatible-pointer-types]
 1756 |                 arm_rfft_fast_f32(&fftHandler, &fftBufInADC3, &fftBufOutADC3, 0);
      |                                                               ^~~~~~~~~~~~~~
      |                                                               |
      |                                                               float32_t (*)[4096] {aka float (*)[4096]}
../Drivers/CMSIS/DSP/Include/arm_math.h:2390:36: note: expected 'float32_t *' {aka 'float *'} but argument is of type 'float32_t (*)[4096]' {aka 'float (*)[4096]'}
 2390 |         float32_t * p, float32_t * pOut,
      |                        ~~~~~~~~~~~~^~~~
../Core/Src/main.c:1757:48: warning: passing argument 2 of 'arm_rfft_fast_f32' from incompatible pointer type [-Wincompatible-pointer-types]
 1757 |                 arm_rfft_fast_f32(&fftHandler, &fftBufInADC4, &fftBufOutADC4, 0);
      |                                                ^~~~~~~~~~~~~
      |                                                |
      |                                                float32_t (*)[4096] {aka float (*)[4096]}
../Drivers/CMSIS/DSP/Include/arm_math.h:2390:21: note: expected 'float32_t *' {aka 'float *'} but argument is of type 'float32_t (*)[4096]' {aka 'float (*)[4096]'}
 2390 |         float32_t * p, float32_t * pOut,
      |         ~~~~~~~~~~~~^
../Core/Src/main.c:1757:63: warning: passing argument 3 of 'arm_rfft_fast_f32' from incompatible pointer type [-Wincompatible-pointer-types]
 1757 |                 arm_rfft_fast_f32(&fftHandler, &fftBufInADC4, &fftBufOutADC4, 0);
      |                                                               ^~~~~~~~~~~~~~
      |                                                               |
      |                                                               float32_t (*)[4096] {aka float (*)[4096]}
../Drivers/CMSIS/DSP/Include/arm_math.h:2390:36: note: expected 'float32_t *' {aka 'float *'} but argument is of type 'float32_t (*)[4096]' {aka 'float (*)[4096]'}
 2390 |         float32_t * p, float32_t * pOut,
      |                        ~~~~~~~~~~~~^~~~
arm-none-eabi-gcc -o "test.elf" @"objects.list"  -larm_cortexM4lf_math -mcpu=cortex-m4 -T"C:\Users\peter\OneDrive\Documents\IEEEMTTSCode\PhasedArrayRadar_IEEE_MTTS\STM32_Code\tutorial\test\STM32G473QETX_FLASH.ld" --specs=nosys.specs -Wl,-Map="test.map" -Wl,--gc-sections -static -L../Drivers/CMSIS/Lib/GCC --specs=nano.specs -mfpu=fpv4-sp-d16 -mfloat-abi=hard -mthumb -u _printf_float -Wl,--start-group -lc -lm -Wl,--end-group
C:/ST/STM32CubeIDE_1.18.0/STM32CubeIDE/plugins/com.st.stm32cube.ide.mcu.externaltools.gnu-tools-for-stm32.13.3.rel1.win32_1.0.0.202411081344/tools/bin/../lib/gcc/arm-none-eabi/13.3.1/../../../../arm-none-eabi/bin/ld.exe: test.elf section `.bss' will not fit in region `RAM'
C:/ST/STM32CubeIDE_1.18.0/STM32CubeIDE/plugins/com.st.stm32cube.ide.mcu.externaltools.gnu-tools-for-stm32.13.3.rel1.win32_1.0.0.202411081344/tools/bin/../lib/gcc/arm-none-eabi/13.3.1/../../../../arm-none-eabi/bin/ld.exe: region `RAM' overflowed by 4232 bytes
collect2.exe: error: ld returned 1 exit status
make: *** [makefile:64: test.elf] Error 1
"make -j22 all" terminated with exit code 2. Build might be incomplete.
21:35:59 **** Incremental Build of configuration Debug for project test ****
make -j22 all 
arm-none-eabi-gcc "../Core/Src/main.c" -mcpu=cortex-m4 -std=gnu11 -g3 -DDEBUG -DARM_MATH_CM4 -DUSE_HAL_DRIVER -DSTM32G473xx -c -I../Core/Inc -I../Drivers/STM32G4xx_HAL_Driver/Inc -I../Drivers/STM32G4xx_HAL_Driver/Inc/Legacy -I../Drivers/CMSIS/Device/ST/STM32G4xx/Include -I../Drivers/CMSIS/Include -I../Drivers/CMSIS/DSP/Include -O0 -ffunction-sections -fdata-sections -Wall -fstack-usage -fcyclomatic-complexity -MMD -MP -MF"Core/Src/main.d" -MT"Core/Src/main.o" --specs=nano.specs -mfpu=fpv4-sp-d16 -mfloat-abi=hard -mthumb -o "Core/Src/main.o"
arm-none-eabi-gcc -o "test.elf" @"objects.list"  -larm_cortexM4lf_math -mcpu=cortex-m4 -T"C:\Users\peter\OneDrive\Documents\IEEEMTTSCode\PhasedArrayRadar_IEEE_MTTS\STM32_Code\tutorial\test\STM32G473QETX_FLASH.ld" --specs=nosys.specs -Wl,-Map="test.map" -Wl,--gc-sections -static -L../Drivers/CMSIS/Lib/GCC --specs=nano.specs -mfpu=fpv4-sp-d16 -mfloat-abi=hard -mthumb -u _printf_float -Wl,--start-group -lc -lm -Wl,--end-group
C:/ST/STM32CubeIDE_1.18.0/STM32CubeIDE/plugins/com.st.stm32cube.ide.mcu.externaltools.gnu-tools-for-stm32.13.3.rel1.win32_1.0.0.202411081344/tools/bin/../lib/gcc/arm-none-eabi/13.3.1/../../../../arm-none-eabi/bin/ld.exe: test.elf section `.bss' will not fit in region `RAM'
C:/ST/STM32CubeIDE_1.18.0/STM32CubeIDE/plugins/com.st.stm32cube.ide.mcu.externaltools.gnu-tools-for-stm32.13.3.rel1.win32_1.0.0.202411081344/tools/bin/../lib/gcc/arm-none-eabi/13.3.1/../../../../arm-none-eabi/bin/ld.exe: region `RAM' overflowed by 4232 bytes
collect2.exe: error: ld returned 1 exit status
make: *** [makefile:64: test.elf] Error 1
"make -j22 all" terminated with exit code 2. Build might be incomplete.
21:42:51 **** Incremental Build of configuration Debug for project test ****
make -j22 all 
arm-none-eabi-gcc "../Core/Src/main.c" -mcpu=cortex-m4 -std=gnu11 -g3 -DDEBUG -DARM_MATH_CM4 -DUSE_HAL_DRIVER -DSTM32G473xx -c -I../Core/Inc -I../Drivers/STM32G4xx_HAL_Driver/Inc -I../Drivers/STM32G4xx_HAL_Driver/Inc/Legacy -I../Drivers/CMSIS/Device/ST/STM32G4xx/Include -I../Drivers/CMSIS/Include -I../Drivers/CMSIS/DSP/Include -O0 -ffunction-sections -fdata-sections -Wall -fstack-usage -fcyclomatic-complexity -MMD -MP -MF"Core/Src/main.d" -MT"Core/Src/main.o" --specs=nano.specs -mfpu=fpv4-sp-d16 -mfloat-abi=hard -mthumb -o "Core/Src/main.o"
../Core/Src/main.c: In function 'main':
../Core/Src/main.c:223:41: error: 'msg' undeclared (first use in this function)
  223 |   HAL_UART_Transmit(&huart1, (uint8_t*) msg, strlen(msg), HAL_MAX_DELAY);
      |                                         ^~~
../Core/Src/main.c:223:41: note: each undeclared identifier is reported only once for each function it appears in
../Core/Src/main.c: In function 'Error_Handler':
../Core/Src/main.c:1780:47: error: 'errMsg' undeclared (first use in this function)
 1780 |         HAL_UART_Transmit(&huart1, (uint8_t*) errMsg, strlen(errMsg), HAL_MAX_DELAY);
      |                                               ^~~~~~
make: *** [Core/Src/subdir.mk:34: Core/Src/main.o] Error 1
"make -j22 all" terminated with exit code 2. Build might be incomplete.
21:45:43 **** Incremental Build of configuration Debug for project test ****
make -j22 all 
arm-none-eabi-gcc "../Core/Src/main.c" -mcpu=cortex-m4 -std=gnu11 -g3 -DDEBUG -DARM_MATH_CM4 -DUSE_HAL_DRIVER -DSTM32G473xx -c -I../Core/Inc -I../Drivers/STM32G4xx_HAL_Driver/Inc -I../Drivers/STM32G4xx_HAL_Driver/Inc/Legacy -I../Drivers/CMSIS/Device/ST/STM32G4xx/Include -I../Drivers/CMSIS/Include -I../Drivers/CMSIS/DSP/Include -O0 -ffunction-sections -fdata-sections -Wall -fstack-usage -fcyclomatic-complexity -MMD -MP -MF"Core/Src/main.d" -MT"Core/Src/main.o" --specs=nano.specs -mfpu=fpv4-sp-d16 -mfloat-abi=hard -mthumb -o "Core/Src/main.o"
../Core/Src/main.c: In function 'main':
../Core/Src/main.c:223:41: error: 'msg' undeclared (first use in this function)
  223 |   HAL_UART_Transmit(&huart1, (uint8_t*) msg, strlen(msg), HAL_MAX_DELAY);
      |                                         ^~~
../Core/Src/main.c:223:41: note: each undeclared identifier is reported only once for each function it appears in
make: *** [Core/Src/subdir.mk:34: Core/Src/main.o] Error 1
"make -j22 all" terminated with exit code 2. Build might be incomplete.
21:46:09 **** Incremental Build of configuration Debug for project test ****
make -j22 all 
arm-none-eabi-gcc "../Core/Src/main.c" -mcpu=cortex-m4 -std=gnu11 -g3 -DDEBUG -DARM_MATH_CM4 -DUSE_HAL_DRIVER -DSTM32G473xx -c -I../Core/Inc -I../Drivers/STM32G4xx_HAL_Driver/Inc -I../Drivers/STM32G4xx_HAL_Driver/Inc/Legacy -I../Drivers/CMSIS/Device/ST/STM32G4xx/Include -I../Drivers/CMSIS/Include -I../Drivers/CMSIS/DSP/Include -O0 -ffunction-sections -fdata-sections -Wall -fstack-usage -fcyclomatic-complexity -MMD -MP -MF"Core/Src/main.d" -MT"Core/Src/main.o" --specs=nano.specs -mfpu=fpv4-sp-d16 -mfloat-abi=hard -mthumb -o "Core/Src/main.o"
arm-none-eabi-gcc -o "test.elf" @"objects.list"  -larm_cortexM4lf_math -mcpu=cortex-m4 -T"C:\Users\peter\OneDrive\Documents\IEEEMTTSCode\PhasedArrayRadar_IEEE_MTTS\STM32_Code\tutorial\test\STM32G473QETX_FLASH.ld" --specs=nosys.specs -Wl,-Map="test.map" -Wl,--gc-sections -static -L../Drivers/CMSIS/Lib/GCC --specs=nano.specs -mfpu=fpv4-sp-d16 -mfloat-abi=hard -mthumb -u _printf_float -Wl,--start-group -lc -lm -Wl,--end-group
C:/ST/STM32CubeIDE_1.18.0/STM32CubeIDE/plugins/com.st.stm32cube.ide.mcu.externaltools.gnu-tools-for-stm32.13.3.rel1.win32_1.0.0.202411081344/tools/bin/../lib/gcc/arm-none-eabi/13.3.1/../../../../arm-none-eabi/bin/ld.exe: test.elf section `.bss' will not fit in region `RAM'
C:/ST/STM32CubeIDE_1.18.0/STM32CubeIDE/plugins/com.st.stm32cube.ide.mcu.externaltools.gnu-tools-for-stm32.13.3.rel1.win32_1.0.0.202411081344/tools/bin/../lib/gcc/arm-none-eabi/13.3.1/../../../../arm-none-eabi/bin/ld.exe: region `RAM' overflowed by 4184 bytes
collect2.exe: error: ld returned 1 exit status
make: *** [makefile:64: test.elf] Error 1
"make -j22 all" terminated with exit code 2. Build might be incomplete.
21:49:20 **** Incremental Build of configuration Debug for project test ****
make -j22 all 
arm-none-eabi-gcc -o "test.elf" @"objects.list"  -larm_cortexM4lf_math -mcpu=cortex-m4 -T"C:\Users\peter\OneDrive\Documents\IEEEMTTSCode\PhasedArrayRadar_IEEE_MTTS\STM32_Code\tutorial\test\STM32G473QETX_FLASH.ld" --specs=nosys.specs -Wl,-Map="test.map" -Wl,--gc-sections -static -L../Drivers/CMSIS/Lib/GCC --specs=nano.specs -mfpu=fpv4-sp-d16 -mfloat-abi=hard -mthumb -u _printf_float -Wl,--start-group -lc -lm -Wl,--end-group
C:/ST/STM32CubeIDE_1.18.0/STM32CubeIDE/plugins/com.st.stm32cube.ide.mcu.externaltools.gnu-tools-for-stm32.13.3.rel1.win32_1.0.0.202411081344/tools/bin/../lib/gcc/arm-none-eabi/13.3.1/../../../../arm-none-eabi/bin/ld.exe: test.elf section `.bss' will not fit in region `RAM'
C:/ST/STM32CubeIDE_1.18.0/STM32CubeIDE/plugins/com.st.stm32cube.ide.mcu.externaltools.gnu-tools-for-stm32.13.3.rel1.win32_1.0.0.202411081344/tools/bin/../lib/gcc/arm-none-eabi/13.3.1/../../../../arm-none-eabi/bin/ld.exe: region `RAM' overflowed by 4184 bytes
collect2.exe: error: ld returned 1 exit status
make: *** [makefile:64: test.elf] Error 1
"make -j22 all" terminated with exit code 2. Build might be incomplete.
21:53:56 **** Incremental Build of configuration Debug for project test ****
make -j22 all 
arm-none-eabi-gcc "../Core/Src/main.c" -mcpu=cortex-m4 -std=gnu11 -g3 -DDEBUG -DARM_MATH_CM4 -DUSE_HAL_DRIVER -DSTM32G473xx -c -I../Core/Inc -I../Drivers/STM32G4xx_HAL_Driver/Inc -I../Drivers/STM32G4xx_HAL_Driver/Inc/Legacy -I../Drivers/CMSIS/Device/ST/STM32G4xx/Include -I../Drivers/CMSIS/Include -I../Drivers/CMSIS/DSP/Include -O0 -ffunction-sections -fdata-sections -Wall -fstack-usage -fcyclomatic-complexity -MMD -MP -MF"Core/Src/main.d" -MT"Core/Src/main.o" --specs=nano.specs -mfpu=fpv4-sp-d16 -mfloat-abi=hard -mthumb -o "Core/Src/main.o"
arm-none-eabi-gcc -o "test.elf" @"objects.list"  -larm_cortexM4lf_math -mcpu=cortex-m4 -T"C:\Users\peter\OneDrive\Documents\IEEEMTTSCode\PhasedArrayRadar_IEEE_MTTS\STM32_Code\tutorial\test\STM32G473QETX_FLASH.ld" --specs=nosys.specs -Wl,-Map="test.map" -Wl,--gc-sections -static -L../Drivers/CMSIS/Lib/GCC --specs=nano.specs -mfpu=fpv4-sp-d16 -mfloat-abi=hard -mthumb -u _printf_float -Wl,--start-group -lc -lm -Wl,--end-group
C:/ST/STM32CubeIDE_1.18.0/STM32CubeIDE/plugins/com.st.stm32cube.ide.mcu.externaltools.gnu-tools-for-stm32.13.3.rel1.win32_1.0.0.202411081344/tools/bin/../lib/gcc/arm-none-eabi/13.3.1/../../../../arm-none-eabi/bin/ld.exe: test.elf section `.bss' will not fit in region `RAM'
C:/ST/STM32CubeIDE_1.18.0/STM32CubeIDE/plugins/com.st.stm32cube.ide.mcu.externaltools.gnu-tools-for-stm32.13.3.rel1.win32_1.0.0.202411081344/tools/bin/../lib/gcc/arm-none-eabi/13.3.1/../../../../arm-none-eabi/bin/ld.exe: region `RAM' overflowed by 4184 bytes
collect2.exe: error: ld returned 1 exit status
make: *** [makefile:64: test.elf] Error 1
"make -j22 all" terminated with exit code 2. Build might be incomplete.
21:56:08 **** Incremental Build of configuration Debug for project test ****
make -j22 all 
arm-none-eabi-gcc "../Core/Src/main.c" -mcpu=cortex-m4 -std=gnu11 -g3 -DDEBUG -DARM_MATH_CM4 -DUSE_HAL_DRIVER -DSTM32G473xx -c -I../Core/Inc -I../Drivers/STM32G4xx_HAL_Driver/Inc -I../Drivers/STM32G4xx_HAL_Driver/Inc/Legacy -I../Drivers/CMSIS/Device/ST/STM32G4xx/Include -I../Drivers/CMSIS/Include -I../Drivers/CMSIS/DSP/Include -O0 -ffunction-sections -fdata-sections -Wall -fstack-usage -fcyclomatic-complexity -MMD -MP -MF"Core/Src/main.d" -MT"Core/Src/main.o" --specs=nano.specs -mfpu=fpv4-sp-d16 -mfloat-abi=hard -mthumb -o "Core/Src/main.o"
../Core/Src/main.c: In function 'main':
../Core/Src/main.c:230:3: error: 'au32_initial_ticksADC1' undeclared (first use in this function)
  230 |   au32_initial_ticksADC1 = DWT->CYCCNT;
      |   ^~~~~~~~~~~~~~~~~~~~~~
../Core/Src/main.c:230:3: note: each undeclared identifier is reported only once for each function it appears in
make: *** [Core/Src/subdir.mk:34: Core/Src/main.o] Error 1
"make -j22 all" terminated with exit code 2. Build might be incomplete.
21:56:20 **** Incremental Build of configuration Debug for project test ****
make -j22 all 
arm-none-eabi-gcc "../Core/Src/main.c" -mcpu=cortex-m4 -std=gnu11 -g3 -DDEBUG -DARM_MATH_CM4 -DUSE_HAL_DRIVER -DSTM32G473xx -c -I../Core/Inc -I../Drivers/STM32G4xx_HAL_Driver/Inc -I../Drivers/STM32G4xx_HAL_Driver/Inc/Legacy -I../Drivers/CMSIS/Device/ST/STM32G4xx/Include -I../Drivers/CMSIS/Include -I../Drivers/CMSIS/DSP/Include -O0 -ffunction-sections -fdata-sections -Wall -fstack-usage -fcyclomatic-complexity -MMD -MP -MF"Core/Src/main.d" -MT"Core/Src/main.o" --specs=nano.specs -mfpu=fpv4-sp-d16 -mfloat-abi=hard -mthumb -o "Core/Src/main.o"
../Core/Src/main.c: In function 'main':
../Core/Src/main.c:230:3: error: 'au32_initial_ticksADC1' undeclared (first use in this function)
  230 |   au32_initial_ticksADC1 = DWT->CYCCNT;
      |   ^~~~~~~~~~~~~~~~~~~~~~
../Core/Src/main.c:230:3: note: each undeclared identifier is reported only once for each function it appears in
make: *** [Core/Src/subdir.mk:34: Core/Src/main.o] Error 1
"make -j22 all" terminated with exit code 2. Build might be incomplete.
21:56:24 **** Incremental Build of configuration Debug for project test ****
make -j22 all 
arm-none-eabi-gcc "../Core/Src/main.c" -mcpu=cortex-m4 -std=gnu11 -g3 -DDEBUG -DARM_MATH_CM4 -DUSE_HAL_DRIVER -DSTM32G473xx -c -I../Core/Inc -I../Drivers/STM32G4xx_HAL_Driver/Inc -I../Drivers/STM32G4xx_HAL_Driver/Inc/Legacy -I../Drivers/CMSIS/Device/ST/STM32G4xx/Include -I../Drivers/CMSIS/Include -I../Drivers/CMSIS/DSP/Include -O0 -ffunction-sections -fdata-sections -Wall -fstack-usage -fcyclomatic-complexity -MMD -MP -MF"Core/Src/main.d" -MT"Core/Src/main.o" --specs=nano.specs -mfpu=fpv4-sp-d16 -mfloat-abi=hard -mthumb -o "Core/Src/main.o"
../Core/Src/main.c: In function 'main':
../Core/Src/main.c:230:3: error: 'au32_initial_ticksADC1' undeclared (first use in this function)
  230 |   au32_initial_ticksADC1 = DWT->CYCCNT;
      |   ^~~~~~~~~~~~~~~~~~~~~~
../Core/Src/main.c:230:3: note: each undeclared identifier is reported only once for each function it appears in
make: *** [Core/Src/subdir.mk:34: Core/Src/main.o] Error 1
"make -j22 all" terminated with exit code 2. Build might be incomplete.
21:56:33 **** Incremental Build of configuration Debug for project test ****
make -j22 all 
arm-none-eabi-gcc "../Core/Src/main.c" -mcpu=cortex-m4 -std=gnu11 -g3 -DDEBUG -DARM_MATH_CM4 -DUSE_HAL_DRIVER -DSTM32G473xx -c -I../Core/Inc -I../Drivers/STM32G4xx_HAL_Driver/Inc -I../Drivers/STM32G4xx_HAL_Driver/Inc/Legacy -I../Drivers/CMSIS/Device/ST/STM32G4xx/Include -I../Drivers/CMSIS/Include -I../Drivers/CMSIS/DSP/Include -O0 -ffunction-sections -fdata-sections -Wall -fstack-usage -fcyclomatic-complexity -MMD -MP -MF"Core/Src/main.d" -MT"Core/Src/main.o" --specs=nano.specs -mfpu=fpv4-sp-d16 -mfloat-abi=hard -mthumb -o "Core/Src/main.o"
arm-none-eabi-gcc -o "test.elf" @"objects.list"  -larm_cortexM4lf_math -mcpu=cortex-m4 -T"C:\Users\peter\OneDrive\Documents\IEEEMTTSCode\PhasedArrayRadar_IEEE_MTTS\STM32_Code\tutorial\test\STM32G473QETX_FLASH.ld" --specs=nosys.specs -Wl,-Map="test.map" -Wl,--gc-sections -static -L../Drivers/CMSIS/Lib/GCC --specs=nano.specs -mfpu=fpv4-sp-d16 -mfloat-abi=hard -mthumb -u _printf_float -Wl,--start-group -lc -lm -Wl,--end-group
C:/ST/STM32CubeIDE_1.18.0/STM32CubeIDE/plugins/com.st.stm32cube.ide.mcu.externaltools.gnu-tools-for-stm32.13.3.rel1.win32_1.0.0.202411081344/tools/bin/../lib/gcc/arm-none-eabi/13.3.1/../../../../arm-none-eabi/bin/ld.exe: test.elf section `.bss' will not fit in region `RAM'
C:/ST/STM32CubeIDE_1.18.0/STM32CubeIDE/plugins/com.st.stm32cube.ide.mcu.externaltools.gnu-tools-for-stm32.13.3.rel1.win32_1.0.0.202411081344/tools/bin/../lib/gcc/arm-none-eabi/13.3.1/../../../../arm-none-eabi/bin/ld.exe: region `RAM' overflowed by 4096 bytes
collect2.exe: error: ld returned 1 exit status
make: *** [makefile:64: test.elf] Error 1
"make -j22 all" terminated with exit code 2. Build might be incomplete.
21:57:54 **** Incremental Build of configuration Debug for project test ****
make -j22 all 
arm-none-eabi-gcc "../Core/Src/main.c" -mcpu=cortex-m4 -std=gnu11 -g3 -DDEBUG -DARM_MATH_CM4 -DUSE_HAL_DRIVER -DSTM32G473xx -c -I../Core/Inc -I../Drivers/STM32G4xx_HAL_Driver/Inc -I../Drivers/STM32G4xx_HAL_Driver/Inc/Legacy -I../Drivers/CMSIS/Device/ST/STM32G4xx/Include -I../Drivers/CMSIS/Include -I../Drivers/CMSIS/DSP/Include -O0 -ffunction-sections -fdata-sections -Wall -fstack-usage -fcyclomatic-complexity -MMD -MP -MF"Core/Src/main.d" -MT"Core/Src/main.o" --specs=nano.specs -mfpu=fpv4-sp-d16 -mfloat-abi=hard -mthumb -o "Core/Src/main.o"
arm-none-eabi-gcc -o "test.elf" @"objects.list"  -larm_cortexM4lf_math -mcpu=cortex-m4 -T"C:\Users\peter\OneDrive\Documents\IEEEMTTSCode\PhasedArrayRadar_IEEE_MTTS\STM32_Code\tutorial\test\STM32G473QETX_FLASH.ld" --specs=nosys.specs -Wl,-Map="test.map" -Wl,--gc-sections -static -L../Drivers/CMSIS/Lib/GCC --specs=nano.specs -mfpu=fpv4-sp-d16 -mfloat-abi=hard -mthumb -u _printf_float -Wl,--start-group -lc -lm -Wl,--end-group
Finished building target: test.elf
 
arm-none-eabi-size  test.elf 
arm-none-eabi-objdump -h -S test.elf  > "test.list"
   text	   data	    bss	    dec	    hex	filename
  52884	    468	 101932	 155284	  25e94	test.elf
Finished building: default.size.stdout
 
Finished building: test.list
 
21:58:33 **** Incremental Build of configuration Debug for project test ****
make -j22 all 
arm-none-eabi-size  test.elf 
   text	   data	    bss	    dec	    hex	filename
  52884	    468	 101932	 155284	  25e94	test.elf
Finished building: default.size.stdout
 
21:58:40 **** Incremental Build of configuration Debug for project test ****
make -j22 all 
arm-none-eabi-size  test.elf 
   text	   data	    bss	    dec	    hex	filename
  52884	    468	 101932	 155284	  25e94	test.elf
Finished building: default.size.stdout
 
22:03:21 **** Incremental Build of configuration Debug for project test ****
make -j22 all 
arm-none-eabi-size  test.elf 
   text	   data	    bss	    dec	    hex	filename
  52884	    468	 101932	 155284	  25e94	test.elf
Finished building: default.size.stdout
 
22:03:45 **** Incremental Build of configuration Debug for project test ****
make -j22 all 
arm-none-eabi-size  test.elf 
   text	   data	    bss	    dec	    hex	filename
  52884	    468	 101932	 155284	  25e94	test.elf
Finished building: default.size.stdout
 
22:14:40 **** Incremental Build of configuration Debug for project test ****
make -j22 all 
arm-none-eabi-gcc "../Core/Src/main.c" -mcpu=cortex-m4 -std=gnu11 -g3 -DDEBUG -DARM_MATH_CM4 -DUSE_HAL_DRIVER -DSTM32G473xx -c -I../Core/Inc -I../Drivers/STM32G4xx_HAL_Driver/Inc -I../Drivers/STM32G4xx_HAL_Driver/Inc/Legacy -I../Drivers/CMSIS/Device/ST/STM32G4xx/Include -I../Drivers/CMSIS/Include -I../Drivers/CMSIS/DSP/Include -O0 -ffunction-sections -fdata-sections -Wall -fstack-usage -fcyclomatic-complexity -MMD -MP -MF"Core/Src/main.d" -MT"Core/Src/main.o" --specs=nano.specs -mfpu=fpv4-sp-d16 -mfloat-abi=hard -mthumb -o "Core/Src/main.o"
arm-none-eabi-gcc -o "test.elf" @"objects.list"  -larm_cortexM4lf_math -mcpu=cortex-m4 -T"C:\Users\peter\OneDrive\Documents\IEEEMTTSCode\PhasedArrayRadar_IEEE_MTTS\STM32_Code\tutorial\test\STM32G473QETX_FLASH.ld" --specs=nosys.specs -Wl,-Map="test.map" -Wl,--gc-sections -static -L../Drivers/CMSIS/Lib/GCC --specs=nano.specs -mfpu=fpv4-sp-d16 -mfloat-abi=hard -mthumb -u _printf_float -Wl,--start-group -lc -lm -Wl,--end-group
C:/ST/STM32CubeIDE_1.18.0/STM32CubeIDE/plugins/com.st.stm32cube.ide.mcu.externaltools.gnu-tools-for-stm32.13.3.rel1.win32_1.0.0.202411081344/tools/bin/../lib/gcc/arm-none-eabi/13.3.1/../../../../arm-none-eabi/bin/ld.exe: test.elf section `.bss' will not fit in region `RAM'
C:/ST/STM32CubeIDE_1.18.0/STM32CubeIDE/plugins/com.st.stm32cube.ide.mcu.externaltools.gnu-tools-for-stm32.13.3.rel1.win32_1.0.0.202411081344/tools/bin/../lib/gcc/arm-none-eabi/13.3.1/../../../../arm-none-eabi/bin/ld.exe: region `RAM' overflowed by 36888 bytes
collect2.exe: error: ld returned 1 exit status
make: *** [makefile:64: test.elf] Error 1
"make -j22 all" terminated with exit code 2. Build might be incomplete.
22:15:00 **** Incremental Build of configuration Debug for project test ****
make -j22 all 
arm-none-eabi-gcc -o "test.elf" @"objects.list"  -larm_cortexM4lf_math -mcpu=cortex-m4 -T"C:\Users\peter\OneDrive\Documents\IEEEMTTSCode\PhasedArrayRadar_IEEE_MTTS\STM32_Code\tutorial\test\STM32G473QETX_FLASH.ld" --specs=nosys.specs -Wl,-Map="test.map" -Wl,--gc-sections -static -L../Drivers/CMSIS/Lib/GCC --specs=nano.specs -mfpu=fpv4-sp-d16 -mfloat-abi=hard -mthumb -u _printf_float -Wl,--start-group -lc -lm -Wl,--end-group
C:/ST/STM32CubeIDE_1.18.0/STM32CubeIDE/plugins/com.st.stm32cube.ide.mcu.externaltools.gnu-tools-for-stm32.13.3.rel1.win32_1.0.0.202411081344/tools/bin/../lib/gcc/arm-none-eabi/13.3.1/../../../../arm-none-eabi/bin/ld.exe: test.elf section `.bss' will not fit in region `RAM'
C:/ST/STM32CubeIDE_1.18.0/STM32CubeIDE/plugins/com.st.stm32cube.ide.mcu.externaltools.gnu-tools-for-stm32.13.3.rel1.win32_1.0.0.202411081344/tools/bin/../lib/gcc/arm-none-eabi/13.3.1/../../../../arm-none-eabi/bin/ld.exe: region `RAM' overflowed by 36888 bytes
collect2.exe: error: ld returned 1 exit status
make: *** [makefile:64: test.elf] Error 1
"make -j22 all" terminated with exit code 2. Build might be incomplete.
22:15:22 **** Incremental Build of configuration Debug for project test ****
make -j22 all 
arm-none-eabi-gcc -o "test.elf" @"objects.list"  -larm_cortexM4lf_math -mcpu=cortex-m4 -T"C:\Users\peter\OneDrive\Documents\IEEEMTTSCode\PhasedArrayRadar_IEEE_MTTS\STM32_Code\tutorial\test\STM32G473QETX_FLASH.ld" --specs=nosys.specs -Wl,-Map="test.map" -Wl,--gc-sections -static -L../Drivers/CMSIS/Lib/GCC --specs=nano.specs -mfpu=fpv4-sp-d16 -mfloat-abi=hard -mthumb -u _printf_float -Wl,--start-group -lc -lm -Wl,--end-group
C:/ST/STM32CubeIDE_1.18.0/STM32CubeIDE/plugins/com.st.stm32cube.ide.mcu.externaltools.gnu-tools-for-stm32.13.3.rel1.win32_1.0.0.202411081344/tools/bin/../lib/gcc/arm-none-eabi/13.3.1/../../../../arm-none-eabi/bin/ld.exe: test.elf section `.bss' will not fit in region `RAM'
C:/ST/STM32CubeIDE_1.18.0/STM32CubeIDE/plugins/com.st.stm32cube.ide.mcu.externaltools.gnu-tools-for-stm32.13.3.rel1.win32_1.0.0.202411081344/tools/bin/../lib/gcc/arm-none-eabi/13.3.1/../../../../arm-none-eabi/bin/ld.exe: region `RAM' overflowed by 36888 bytes
collect2.exe: error: ld returned 1 exit status
make: *** [makefile:64: test.elf] Error 1
"make -j22 all" terminated with exit code 2. Build might be incomplete.
22:15:38 **** Incremental Build of configuration Debug for project test ****
make -j22 all 
arm-none-eabi-gcc "../Core/Src/main.c" -mcpu=cortex-m4 -std=gnu11 -g3 -DDEBUG -DARM_MATH_CM4 -DUSE_HAL_DRIVER -DSTM32G473xx -c -I../Core/Inc -I../Drivers/STM32G4xx_HAL_Driver/Inc -I../Drivers/STM32G4xx_HAL_Driver/Inc/Legacy -I../Drivers/CMSIS/Device/ST/STM32G4xx/Include -I../Drivers/CMSIS/Include -I../Drivers/CMSIS/DSP/Include -O0 -ffunction-sections -fdata-sections -Wall -fstack-usage -fcyclomatic-complexity -MMD -MP -MF"Core/Src/main.d" -MT"Core/Src/main.o" --specs=nano.specs -mfpu=fpv4-sp-d16 -mfloat-abi=hard -mthumb -o "Core/Src/main.o"
arm-none-eabi-gcc -o "test.elf" @"objects.list"  -larm_cortexM4lf_math -mcpu=cortex-m4 -T"C:\Users\peter\OneDrive\Documents\IEEEMTTSCode\PhasedArrayRadar_IEEE_MTTS\STM32_Code\tutorial\test\STM32G473QETX_FLASH.ld" --specs=nosys.specs -Wl,-Map="test.map" -Wl,--gc-sections -static -L../Drivers/CMSIS/Lib/GCC --specs=nano.specs -mfpu=fpv4-sp-d16 -mfloat-abi=hard -mthumb -u _printf_float -Wl,--start-group -lc -lm -Wl,--end-group
Finished building target: test.elf
 
arm-none-eabi-size  test.elf 
arm-none-eabi-objdump -h -S test.elf  > "test.list"
   text	   data	    bss	    dec	    hex	filename
  52884	    468	 101932	 155284	  25e94	test.elf
Finished building: default.size.stdout
 
Finished building: test.list
 
22:16:43 **** Incremental Build of configuration Debug for project test ****
make -j22 all 
arm-none-eabi-gcc "../Core/Src/main.c" -mcpu=cortex-m4 -std=gnu11 -g3 -DDEBUG -DARM_MATH_CM4 -DUSE_HAL_DRIVER -DSTM32G473xx -c -I../Core/Inc -I../Drivers/STM32G4xx_HAL_Driver/Inc -I../Drivers/STM32G4xx_HAL_Driver/Inc/Legacy -I../Drivers/CMSIS/Device/ST/STM32G4xx/Include -I../Drivers/CMSIS/Include -I../Drivers/CMSIS/DSP/Include -O0 -ffunction-sections -fdata-sections -Wall -fstack-usage -fcyclomatic-complexity -MMD -MP -MF"Core/Src/main.d" -MT"Core/Src/main.o" --specs=nano.specs -mfpu=fpv4-sp-d16 -mfloat-abi=hard -mthumb -o "Core/Src/main.o"
arm-none-eabi-gcc -o "test.elf" @"objects.list"  -larm_cortexM4lf_math -mcpu=cortex-m4 -T"C:\Users\peter\OneDrive\Documents\IEEEMTTSCode\PhasedArrayRadar_IEEE_MTTS\STM32_Code\tutorial\test\STM32G473QETX_FLASH.ld" --specs=nosys.specs -Wl,-Map="test.map" -Wl,--gc-sections -static -L../Drivers/CMSIS/Lib/GCC --specs=nano.specs -mfpu=fpv4-sp-d16 -mfloat-abi=hard -mthumb -u _printf_float -Wl,--start-group -lc -lm -Wl,--end-group
C:/ST/STM32CubeIDE_1.18.0/STM32CubeIDE/plugins/com.st.stm32cube.ide.mcu.externaltools.gnu-tools-for-stm32.13.3.rel1.win32_1.0.0.202411081344/tools/bin/../lib/gcc/arm-none-eabi/13.3.1/../../../../arm-none-eabi/bin/ld.exe: test.elf section `.bss' will not fit in region `RAM'
C:/ST/STM32CubeIDE_1.18.0/STM32CubeIDE/plugins/com.st.stm32cube.ide.mcu.externaltools.gnu-tools-for-stm32.13.3.rel1.win32_1.0.0.202411081344/tools/bin/../lib/gcc/arm-none-eabi/13.3.1/../../../../arm-none-eabi/bin/ld.exe: region `RAM' overflowed by 36888 bytes
collect2.exe: error: ld returned 1 exit status
make: *** [makefile:64: test.elf] Error 1
"make -j22 all" terminated with exit code 2. Build might be incomplete.
22:18:13 **** Incremental Build of configuration Debug for project test ****
make -ffunction-sections -fdata-sections -Os --gc-sections all 
make: unrecognized option '--gc-sections'
Usage: make [options] [target] ...
Options:
  -b, -m                      Ignored for compatibility.
  -B, --always-make           Unconditionally make all targets.
  -C DIRECTORY, --directory=DIRECTORY
                              Change to DIRECTORY before doing anything.
  -d                          Print lots of debugging information.
  --debug[=FLAGS]             Print various types of debugging information.
  -e, --environment-overrides
                              Environment variables override makefiles.
  -E STRING, --eval=STRING    Evaluate STRING as a makefile statement.
  -f FILE, --file=FILE, --makefile=FILE
                              Read FILE as a makefile.
  -h, --help                  Print this message and exit.
  -i, --ignore-errors         Ignore errors from recipes.
  -I DIRECTORY, --include-dir=DIRECTORY
                              Search DIRECTORY for included makefiles.
  -j [N], --jobs[=N]          Allow N jobs at once; infinite jobs with no arg.
  --jobserver-style=STYLE     Select the style of jobserver to use.
  -k, --keep-going            Keep going when some targets can't be made.
  -l [N], --load-average[=N], --max-load[=N]
                              Don't start multiple jobs unless load is below N.
  -L, --check-symlink-times   Use the latest mtime between symlinks and target.
  -n, --just-print, --dry-run, --recon
                              Don't actually run any recipe; just print them.
  -o FILE, --old-file=FILE, --assume-old=FILE
                              Consider FILE to be very old and don't remake it.
  -O[TYPE], --output-sync[=TYPE]
                              Synchronize output of parallel jobs by TYPE.
  -p, --print-data-base       Print make's internal database.
  -q, --question              Run no recipe; exit status says if up to date.
  -r, --no-builtin-rules      Disable the built-in implicit rules.
  -R, --no-builtin-variables  Disable the built-in variable settings.
  --shuffle[={SEED|random|reverse|none}]
                              Perform shuffle of prerequisites and goals.
  -s, --silent, --quiet       Don't echo recipes.
  --no-silent                 Echo recipes (disable --silent mode).
  -S, --no-keep-going, --stop
                              Turns off -k.
  -t, --touch                 Touch targets instead of remaking them.
  --trace                     Print tracing information.
  -v, --version               Print the version number of make and exit.
  -w, --print-directory       Print the current directory.
  --no-print-directory        Turn off -w, even if it was turned on implicitly.
  -W FILE, --what-if=FILE, --new-file=FILE, --assume-new=FILE
                              Consider FILE to be infinitely new.
  --warn-undefined-variables  Warn when an undefined variable is referenced.

This program built for x86_64-w64-mingw32
Report bugs to <bug-make@gnu.org>
"make -ffunction-sections -fdata-sections -Os --gc-sections all" terminated with exit code 2. Build might be incomplete.
22:18:18 **** Incremental Build of configuration Debug for project test ****
make -ffunction-sections -fdata-sections -Os --gc-sections all 
make: unrecognized option '--gc-sections'
Usage: make [options] [target] ...
Options:
  -b, -m                      Ignored for compatibility.
  -B, --always-make           Unconditionally make all targets.
  -C DIRECTORY, --directory=DIRECTORY
                              Change to DIRECTORY before doing anything.
  -d                          Print lots of debugging information.
  --debug[=FLAGS]             Print various types of debugging information.
  -e, --environment-overrides
                              Environment variables override makefiles.
  -E STRING, --eval=STRING    Evaluate STRING as a makefile statement.
  -f FILE, --file=FILE, --makefile=FILE
                              Read FILE as a makefile.
  -h, --help                  Print this message and exit.
  -i, --ignore-errors         Ignore errors from recipes.
  -I DIRECTORY, --include-dir=DIRECTORY
                              Search DIRECTORY for included makefiles.
  -j [N], --jobs[=N]          Allow N jobs at once; infinite jobs with no arg.
  --jobserver-style=STYLE     Select the style of jobserver to use.
  -k, --keep-going            Keep going when some targets can't be made.
  -l [N], --load-average[=N], --max-load[=N]
                              Don't start multiple jobs unless load is below N.
  -L, --check-symlink-times   Use the latest mtime between symlinks and target.
  -n, --just-print, --dry-run, --recon
                              Don't actually run any recipe; just print them.
  -o FILE, --old-file=FILE, --assume-old=FILE
                              Consider FILE to be very old and don't remake it.
  -O[TYPE], --output-sync[=TYPE]
                              Synchronize output of parallel jobs by TYPE.
  -p, --print-data-base       Print make's internal database.
  -q, --question              Run no recipe; exit status says if up to date.
  -r, --no-builtin-rules      Disable the built-in implicit rules.
  -R, --no-builtin-variables  Disable the built-in variable settings.
  --shuffle[={SEED|random|reverse|none}]
                              Perform shuffle of prerequisites and goals.
  -s, --silent, --quiet       Don't echo recipes.
  --no-silent                 Echo recipes (disable --silent mode).
  -S, --no-keep-going, --stop
                              Turns off -k.
  -t, --touch                 Touch targets instead of remaking them.
  --trace                     Print tracing information.
  -v, --version               Print the version number of make and exit.
  -w, --print-directory       Print the current directory.
  --no-print-directory        Turn off -w, even if it was turned on implicitly.
  -W FILE, --what-if=FILE, --new-file=FILE, --assume-new=FILE
                              Consider FILE to be infinitely new.
  --warn-undefined-variables  Warn when an undefined variable is referenced.

This program built for x86_64-w64-mingw32
Report bugs to <bug-make@gnu.org>
"make -ffunction-sections -fdata-sections -Os --gc-sections all" terminated with exit code 2. Build might be incomplete.
22:18:33 **** Incremental Build of configuration Debug for project test ****
make -j22 all 
arm-none-eabi-gcc -o "test.elf" @"objects.list"  -larm_cortexM4lf_math -mcpu=cortex-m4 -T"C:\Users\peter\OneDrive\Documents\IEEEMTTSCode\PhasedArrayRadar_IEEE_MTTS\STM32_Code\tutorial\test\STM32G473QETX_FLASH.ld" --specs=nosys.specs -Wl,-Map="test.map" -Wl,--gc-sections -static -L../Drivers/CMSIS/Lib/GCC --specs=nano.specs -mfpu=fpv4-sp-d16 -mfloat-abi=hard -mthumb -u _printf_float -Wl,--start-group -lc -lm -Wl,--end-group
C:/ST/STM32CubeIDE_1.18.0/STM32CubeIDE/plugins/com.st.stm32cube.ide.mcu.externaltools.gnu-tools-for-stm32.13.3.rel1.win32_1.0.0.202411081344/tools/bin/../lib/gcc/arm-none-eabi/13.3.1/../../../../arm-none-eabi/bin/ld.exe: test.elf section `.bss' will not fit in region `RAM'
C:/ST/STM32CubeIDE_1.18.0/STM32CubeIDE/plugins/com.st.stm32cube.ide.mcu.externaltools.gnu-tools-for-stm32.13.3.rel1.win32_1.0.0.202411081344/tools/bin/../lib/gcc/arm-none-eabi/13.3.1/../../../../arm-none-eabi/bin/ld.exe: region `RAM' overflowed by 36888 bytes
collect2.exe: error: ld returned 1 exit status
make: *** [makefile:64: test.elf] Error 1
"make -j22 all" terminated with exit code 2. Build might be incomplete.
22:19:48 **** Incremental Build of configuration Debug for project test ****
make -j22 all 
arm-none-eabi-gcc "../Drivers/STM32G4xx_HAL_Driver/Src/stm32g4xx_hal.c" -mcpu=cortex-m4 -std=gnu11 -g3 -DDEBUG -DARM_MATH_CM4 -DUSE_HAL_DRIVER -DSTM32G473xx -c -I../Core/Inc -I../Drivers/STM32G4xx_HAL_Driver/Inc -I../Drivers/STM32G4xx_HAL_Driver/Inc/Legacy -I../Drivers/CMSIS/Device/ST/STM32G4xx/Include -I../Drivers/CMSIS/Include -I../Drivers/CMSIS/DSP/Include -Os -ffunction-sections -fdata-sections -Wall -fstack-usage -fcyclomatic-complexity -MMD -MP -MF"Drivers/STM32G4xx_HAL_Driver/Src/stm32g4xx_hal.d" -MT"Drivers/STM32G4xx_HAL_Driver/Src/stm32g4xx_hal.o" --specs=nano.specs -mfpu=fpv4-sp-d16 -mfloat-abi=hard -mthumb -o "Drivers/STM32G4xx_HAL_Driver/Src/stm32g4xx_hal.o"
arm-none-eabi-gcc "../Drivers/STM32G4xx_HAL_Driver/Src/stm32g4xx_hal_adc.c" -mcpu=cortex-m4 -std=gnu11 -g3 -DDEBUG -DARM_MATH_CM4 -DUSE_HAL_DRIVER -DSTM32G473xx -c -I../Core/Inc -I../Drivers/STM32G4xx_HAL_Driver/Inc -I../Drivers/STM32G4xx_HAL_Driver/Inc/Legacy -I../Drivers/CMSIS/Device/ST/STM32G4xx/Include -I../Drivers/CMSIS/Include -I../Drivers/CMSIS/DSP/Include -Os -ffunction-sections -fdata-sections -Wall -fstack-usage -fcyclomatic-complexity -MMD -MP -MF"Drivers/STM32G4xx_HAL_Driver/Src/stm32g4xx_hal_adc.d" -MT"Drivers/STM32G4xx_HAL_Driver/Src/stm32g4xx_hal_adc.o" --specs=nano.specs -mfpu=fpv4-sp-d16 -mfloat-abi=hard -mthumb -o "Drivers/STM32G4xx_HAL_Driver/Src/stm32g4xx_hal_adc.o"
arm-none-eabi-gcc "../Drivers/STM32G4xx_HAL_Driver/Src/stm32g4xx_hal_adc_ex.c" -mcpu=cortex-m4 -std=gnu11 -g3 -DDEBUG -DARM_MATH_CM4 -DUSE_HAL_DRIVER -DSTM32G473xx -c -I../Core/Inc -I../Drivers/STM32G4xx_HAL_Driver/Inc -I../Drivers/STM32G4xx_HAL_Driver/Inc/Legacy -I../Drivers/CMSIS/Device/ST/STM32G4xx/Include -I../Drivers/CMSIS/Include -I../Drivers/CMSIS/DSP/Include -Os -ffunction-sections -fdata-sections -Wall -fstack-usage -fcyclomatic-complexity -MMD -MP -MF"Drivers/STM32G4xx_HAL_Driver/Src/stm32g4xx_hal_adc_ex.d" -MT"Drivers/STM32G4xx_HAL_Driver/Src/stm32g4xx_hal_adc_ex.o" --specs=nano.specs -mfpu=fpv4-sp-d16 -mfloat-abi=hard -mthumb -o "Drivers/STM32G4xx_HAL_Driver/Src/stm32g4xx_hal_adc_ex.o"
arm-none-eabi-gcc "../Drivers/STM32G4xx_HAL_Driver/Src/stm32g4xx_hal_cortex.c" -mcpu=cortex-m4 -std=gnu11 -g3 -DDEBUG -DARM_MATH_CM4 -DUSE_HAL_DRIVER -DSTM32G473xx -c -I../Core/Inc -I../Drivers/STM32G4xx_HAL_Driver/Inc -I../Drivers/STM32G4xx_HAL_Driver/Inc/Legacy -I../Drivers/CMSIS/Device/ST/STM32G4xx/Include -I../Drivers/CMSIS/Include -I../Drivers/CMSIS/DSP/Include -Os -ffunction-sections -fdata-sections -Wall -fstack-usage -fcyclomatic-complexity -MMD -MP -MF"Drivers/STM32G4xx_HAL_Driver/Src/stm32g4xx_hal_cortex.d" -MT"Drivers/STM32G4xx_HAL_Driver/Src/stm32g4xx_hal_cortex.o" --specs=nano.specs -mfpu=fpv4-sp-d16 -mfloat-abi=hard -mthumb -o "Drivers/STM32G4xx_HAL_Driver/Src/stm32g4xx_hal_cortex.o"
arm-none-eabi-gcc "../Drivers/STM32G4xx_HAL_Driver/Src/stm32g4xx_hal_dac.c" -mcpu=cortex-m4 -std=gnu11 -g3 -DDEBUG -DARM_MATH_CM4 -DUSE_HAL_DRIVER -DSTM32G473xx -c -I../Core/Inc -I../Drivers/STM32G4xx_HAL_Driver/Inc -I../Drivers/STM32G4xx_HAL_Driver/Inc/Legacy -I../Drivers/CMSIS/Device/ST/STM32G4xx/Include -I../Drivers/CMSIS/Include -I../Drivers/CMSIS/DSP/Include -Os -ffunction-sections -fdata-sections -Wall -fstack-usage -fcyclomatic-complexity -MMD -MP -MF"Drivers/STM32G4xx_HAL_Driver/Src/stm32g4xx_hal_dac.d" -MT"Drivers/STM32G4xx_HAL_Driver/Src/stm32g4xx_hal_dac.o" --specs=nano.specs -mfpu=fpv4-sp-d16 -mfloat-abi=hard -mthumb -o "Drivers/STM32G4xx_HAL_Driver/Src/stm32g4xx_hal_dac.o"
arm-none-eabi-gcc "../Drivers/STM32G4xx_HAL_Driver/Src/stm32g4xx_hal_dac_ex.c" -mcpu=cortex-m4 -std=gnu11 -g3 -DDEBUG -DARM_MATH_CM4 -DUSE_HAL_DRIVER -DSTM32G473xx -c -I../Core/Inc -I../Drivers/STM32G4xx_HAL_Driver/Inc -I../Drivers/STM32G4xx_HAL_Driver/Inc/Legacy -I../Drivers/CMSIS/Device/ST/STM32G4xx/Include -I../Drivers/CMSIS/Include -I../Drivers/CMSIS/DSP/Include -Os -ffunction-sections -fdata-sections -Wall -fstack-usage -fcyclomatic-complexity -MMD -MP -MF"Drivers/STM32G4xx_HAL_Driver/Src/stm32g4xx_hal_dac_ex.d" -MT"Drivers/STM32G4xx_HAL_Driver/Src/stm32g4xx_hal_dac_ex.o" --specs=nano.specs -mfpu=fpv4-sp-d16 -mfloat-abi=hard -mthumb -o "Drivers/STM32G4xx_HAL_Driver/Src/stm32g4xx_hal_dac_ex.o"
arm-none-eabi-gcc "../Drivers/STM32G4xx_HAL_Driver/Src/stm32g4xx_hal_dma.c" -mcpu=cortex-m4 -std=gnu11 -g3 -DDEBUG -DARM_MATH_CM4 -DUSE_HAL_DRIVER -DSTM32G473xx -c -I../Core/Inc -I../Drivers/STM32G4xx_HAL_Driver/Inc -I../Drivers/STM32G4xx_HAL_Driver/Inc/Legacy -I../Drivers/CMSIS/Device/ST/STM32G4xx/Include -I../Drivers/CMSIS/Include -I../Drivers/CMSIS/DSP/Include -Os -ffunction-sections -fdata-sections -Wall -fstack-usage -fcyclomatic-complexity -MMD -MP -MF"Drivers/STM32G4xx_HAL_Driver/Src/stm32g4xx_hal_dma.d" -MT"Drivers/STM32G4xx_HAL_Driver/Src/stm32g4xx_hal_dma.o" --specs=nano.specs -mfpu=fpv4-sp-d16 -mfloat-abi=hard -mthumb -o "Drivers/STM32G4xx_HAL_Driver/Src/stm32g4xx_hal_dma.o"
arm-none-eabi-gcc "../Drivers/STM32G4xx_HAL_Driver/Src/stm32g4xx_hal_dma_ex.c" -mcpu=cortex-m4 -std=gnu11 -g3 -DDEBUG -DARM_MATH_CM4 -DUSE_HAL_DRIVER -DSTM32G473xx -c -I../Core/Inc -I../Drivers/STM32G4xx_HAL_Driver/Inc -I../Drivers/STM32G4xx_HAL_Driver/Inc/Legacy -I../Drivers/CMSIS/Device/ST/STM32G4xx/Include -I../Drivers/CMSIS/Include -I../Drivers/CMSIS/DSP/Include -Os -ffunction-sections -fdata-sections -Wall -fstack-usage -fcyclomatic-complexity -MMD -MP -MF"Drivers/STM32G4xx_HAL_Driver/Src/stm32g4xx_hal_dma_ex.d" -MT"Drivers/STM32G4xx_HAL_Driver/Src/stm32g4xx_hal_dma_ex.o" --specs=nano.specs -mfpu=fpv4-sp-d16 -mfloat-abi=hard -mthumb -o "Drivers/STM32G4xx_HAL_Driver/Src/stm32g4xx_hal_dma_ex.o"
arm-none-eabi-gcc "../Drivers/STM32G4xx_HAL_Driver/Src/stm32g4xx_hal_exti.c" -mcpu=cortex-m4 -std=gnu11 -g3 -DDEBUG -DARM_MATH_CM4 -DUSE_HAL_DRIVER -DSTM32G473xx -c -I../Core/Inc -I../Drivers/STM32G4xx_HAL_Driver/Inc -I../Drivers/STM32G4xx_HAL_Driver/Inc/Legacy -I../Drivers/CMSIS/Device/ST/STM32G4xx/Include -I../Drivers/CMSIS/Include -I../Drivers/CMSIS/DSP/Include -Os -ffunction-sections -fdata-sections -Wall -fstack-usage -fcyclomatic-complexity -MMD -MP -MF"Drivers/STM32G4xx_HAL_Driver/Src/stm32g4xx_hal_exti.d" -MT"Drivers/STM32G4xx_HAL_Driver/Src/stm32g4xx_hal_exti.o" --specs=nano.specs -mfpu=fpv4-sp-d16 -mfloat-abi=hard -mthumb -o "Drivers/STM32G4xx_HAL_Driver/Src/stm32g4xx_hal_exti.o"
arm-none-eabi-gcc "../Drivers/STM32G4xx_HAL_Driver/Src/stm32g4xx_hal_flash.c" -mcpu=cortex-m4 -std=gnu11 -g3 -DDEBUG -DARM_MATH_CM4 -DUSE_HAL_DRIVER -DSTM32G473xx -c -I../Core/Inc -I../Drivers/STM32G4xx_HAL_Driver/Inc -I../Drivers/STM32G4xx_HAL_Driver/Inc/Legacy -I../Drivers/CMSIS/Device/ST/STM32G4xx/Include -I../Drivers/CMSIS/Include -I../Drivers/CMSIS/DSP/Include -Os -ffunction-sections -fdata-sections -Wall -fstack-usage -fcyclomatic-complexity -MMD -MP -MF"Drivers/STM32G4xx_HAL_Driver/Src/stm32g4xx_hal_flash.d" -MT"Drivers/STM32G4xx_HAL_Driver/Src/stm32g4xx_hal_flash.o" --specs=nano.specs -mfpu=fpv4-sp-d16 -mfloat-abi=hard -mthumb -o "Drivers/STM32G4xx_HAL_Driver/Src/stm32g4xx_hal_flash.o"
arm-none-eabi-gcc "../Drivers/STM32G4xx_HAL_Driver/Src/stm32g4xx_hal_flash_ex.c" -mcpu=cortex-m4 -std=gnu11 -g3 -DDEBUG -DARM_MATH_CM4 -DUSE_HAL_DRIVER -DSTM32G473xx -c -I../Core/Inc -I../Drivers/STM32G4xx_HAL_Driver/Inc -I../Drivers/STM32G4xx_HAL_Driver/Inc/Legacy -I../Drivers/CMSIS/Device/ST/STM32G4xx/Include -I../Drivers/CMSIS/Include -I../Drivers/CMSIS/DSP/Include -Os -ffunction-sections -fdata-sections -Wall -fstack-usage -fcyclomatic-complexity -MMD -MP -MF"Drivers/STM32G4xx_HAL_Driver/Src/stm32g4xx_hal_flash_ex.d" -MT"Drivers/STM32G4xx_HAL_Driver/Src/stm32g4xx_hal_flash_ex.o" --specs=nano.specs -mfpu=fpv4-sp-d16 -mfloat-abi=hard -mthumb -o "Drivers/STM32G4xx_HAL_Driver/Src/stm32g4xx_hal_flash_ex.o"
arm-none-eabi-gcc "../Drivers/STM32G4xx_HAL_Driver/Src/stm32g4xx_hal_flash_ramfunc.c" -mcpu=cortex-m4 -std=gnu11 -g3 -DDEBUG -DARM_MATH_CM4 -DUSE_HAL_DRIVER -DSTM32G473xx -c -I../Core/Inc -I../Drivers/STM32G4xx_HAL_Driver/Inc -I../Drivers/STM32G4xx_HAL_Driver/Inc/Legacy -I../Drivers/CMSIS/Device/ST/STM32G4xx/Include -I../Drivers/CMSIS/Include -I../Drivers/CMSIS/DSP/Include -Os -ffunction-sections -fdata-sections -Wall -fstack-usage -fcyclomatic-complexity -MMD -MP -MF"Drivers/STM32G4xx_HAL_Driver/Src/stm32g4xx_hal_flash_ramfunc.d" -MT"Drivers/STM32G4xx_HAL_Driver/Src/stm32g4xx_hal_flash_ramfunc.o" --specs=nano.specs -mfpu=fpv4-sp-d16 -mfloat-abi=hard -mthumb -o "Drivers/STM32G4xx_HAL_Driver/Src/stm32g4xx_hal_flash_ramfunc.o"
arm-none-eabi-gcc "../Drivers/STM32G4xx_HAL_Driver/Src/stm32g4xx_hal_gpio.c" -mcpu=cortex-m4 -std=gnu11 -g3 -DDEBUG -DARM_MATH_CM4 -DUSE_HAL_DRIVER -DSTM32G473xx -c -I../Core/Inc -I../Drivers/STM32G4xx_HAL_Driver/Inc -I../Drivers/STM32G4xx_HAL_Driver/Inc/Legacy -I../Drivers/CMSIS/Device/ST/STM32G4xx/Include -I../Drivers/CMSIS/Include -I../Drivers/CMSIS/DSP/Include -Os -ffunction-sections -fdata-sections -Wall -fstack-usage -fcyclomatic-complexity -MMD -MP -MF"Drivers/STM32G4xx_HAL_Driver/Src/stm32g4xx_hal_gpio.d" -MT"Drivers/STM32G4xx_HAL_Driver/Src/stm32g4xx_hal_gpio.o" --specs=nano.specs -mfpu=fpv4-sp-d16 -mfloat-abi=hard -mthumb -o "Drivers/STM32G4xx_HAL_Driver/Src/stm32g4xx_hal_gpio.o"
arm-none-eabi-gcc "../Drivers/STM32G4xx_HAL_Driver/Src/stm32g4xx_hal_opamp.c" -mcpu=cortex-m4 -std=gnu11 -g3 -DDEBUG -DARM_MATH_CM4 -DUSE_HAL_DRIVER -DSTM32G473xx -c -I../Core/Inc -I../Drivers/STM32G4xx_HAL_Driver/Inc -I../Drivers/STM32G4xx_HAL_Driver/Inc/Legacy -I../Drivers/CMSIS/Device/ST/STM32G4xx/Include -I../Drivers/CMSIS/Include -I../Drivers/CMSIS/DSP/Include -Os -ffunction-sections -fdata-sections -Wall -fstack-usage -fcyclomatic-complexity -MMD -MP -MF"Drivers/STM32G4xx_HAL_Driver/Src/stm32g4xx_hal_opamp.d" -MT"Drivers/STM32G4xx_HAL_Driver/Src/stm32g4xx_hal_opamp.o" --specs=nano.specs -mfpu=fpv4-sp-d16 -mfloat-abi=hard -mthumb -o "Drivers/STM32G4xx_HAL_Driver/Src/stm32g4xx_hal_opamp.o"
arm-none-eabi-gcc "../Drivers/STM32G4xx_HAL_Driver/Src/stm32g4xx_hal_opamp_ex.c" -mcpu=cortex-m4 -std=gnu11 -g3 -DDEBUG -DARM_MATH_CM4 -DUSE_HAL_DRIVER -DSTM32G473xx -c -I../Core/Inc -I../Drivers/STM32G4xx_HAL_Driver/Inc -I../Drivers/STM32G4xx_HAL_Driver/Inc/Legacy -I../Drivers/CMSIS/Device/ST/STM32G4xx/Include -I../Drivers/CMSIS/Include -I../Drivers/CMSIS/DSP/Include -Os -ffunction-sections -fdata-sections -Wall -fstack-usage -fcyclomatic-complexity -MMD -MP -MF"Drivers/STM32G4xx_HAL_Driver/Src/stm32g4xx_hal_opamp_ex.d" -MT"Drivers/STM32G4xx_HAL_Driver/Src/stm32g4xx_hal_opamp_ex.o" --specs=nano.specs -mfpu=fpv4-sp-d16 -mfloat-abi=hard -mthumb -o "Drivers/STM32G4xx_HAL_Driver/Src/stm32g4xx_hal_opamp_ex.o"
arm-none-eabi-gcc "../Drivers/STM32G4xx_HAL_Driver/Src/stm32g4xx_hal_pwr.c" -mcpu=cortex-m4 -std=gnu11 -g3 -DDEBUG -DARM_MATH_CM4 -DUSE_HAL_DRIVER -DSTM32G473xx -c -I../Core/Inc -I../Drivers/STM32G4xx_HAL_Driver/Inc -I../Drivers/STM32G4xx_HAL_Driver/Inc/Legacy -I../Drivers/CMSIS/Device/ST/STM32G4xx/Include -I../Drivers/CMSIS/Include -I../Drivers/CMSIS/DSP/Include -Os -ffunction-sections -fdata-sections -Wall -fstack-usage -fcyclomatic-complexity -MMD -MP -MF"Drivers/STM32G4xx_HAL_Driver/Src/stm32g4xx_hal_pwr.d" -MT"Drivers/STM32G4xx_HAL_Driver/Src/stm32g4xx_hal_pwr.o" --specs=nano.specs -mfpu=fpv4-sp-d16 -mfloat-abi=hard -mthumb -o "Drivers/STM32G4xx_HAL_Driver/Src/stm32g4xx_hal_pwr.o"
arm-none-eabi-gcc "../Drivers/STM32G4xx_HAL_Driver/Src/stm32g4xx_hal_pwr_ex.c" -mcpu=cortex-m4 -std=gnu11 -g3 -DDEBUG -DARM_MATH_CM4 -DUSE_HAL_DRIVER -DSTM32G473xx -c -I../Core/Inc -I../Drivers/STM32G4xx_HAL_Driver/Inc -I../Drivers/STM32G4xx_HAL_Driver/Inc/Legacy -I../Drivers/CMSIS/Device/ST/STM32G4xx/Include -I../Drivers/CMSIS/Include -I../Drivers/CMSIS/DSP/Include -Os -ffunction-sections -fdata-sections -Wall -fstack-usage -fcyclomatic-complexity -MMD -MP -MF"Drivers/STM32G4xx_HAL_Driver/Src/stm32g4xx_hal_pwr_ex.d" -MT"Drivers/STM32G4xx_HAL_Driver/Src/stm32g4xx_hal_pwr_ex.o" --specs=nano.specs -mfpu=fpv4-sp-d16 -mfloat-abi=hard -mthumb -o "Drivers/STM32G4xx_HAL_Driver/Src/stm32g4xx_hal_pwr_ex.o"
arm-none-eabi-gcc "../Drivers/STM32G4xx_HAL_Driver/Src/stm32g4xx_hal_rcc.c" -mcpu=cortex-m4 -std=gnu11 -g3 -DDEBUG -DARM_MATH_CM4 -DUSE_HAL_DRIVER -DSTM32G473xx -c -I../Core/Inc -I../Drivers/STM32G4xx_HAL_Driver/Inc -I../Drivers/STM32G4xx_HAL_Driver/Inc/Legacy -I../Drivers/CMSIS/Device/ST/STM32G4xx/Include -I../Drivers/CMSIS/Include -I../Drivers/CMSIS/DSP/Include -Os -ffunction-sections -fdata-sections -Wall -fstack-usage -fcyclomatic-complexity -MMD -MP -MF"Drivers/STM32G4xx_HAL_Driver/Src/stm32g4xx_hal_rcc.d" -MT"Drivers/STM32G4xx_HAL_Driver/Src/stm32g4xx_hal_rcc.o" --specs=nano.specs -mfpu=fpv4-sp-d16 -mfloat-abi=hard -mthumb -o "Drivers/STM32G4xx_HAL_Driver/Src/stm32g4xx_hal_rcc.o"
arm-none-eabi-gcc "../Drivers/STM32G4xx_HAL_Driver/Src/stm32g4xx_hal_rcc_ex.c" -mcpu=cortex-m4 -std=gnu11 -g3 -DDEBUG -DARM_MATH_CM4 -DUSE_HAL_DRIVER -DSTM32G473xx -c -I../Core/Inc -I../Drivers/STM32G4xx_HAL_Driver/Inc -I../Drivers/STM32G4xx_HAL_Driver/Inc/Legacy -I../Drivers/CMSIS/Device/ST/STM32G4xx/Include -I../Drivers/CMSIS/Include -I../Drivers/CMSIS/DSP/Include -Os -ffunction-sections -fdata-sections -Wall -fstack-usage -fcyclomatic-complexity -MMD -MP -MF"Drivers/STM32G4xx_HAL_Driver/Src/stm32g4xx_hal_rcc_ex.d" -MT"Drivers/STM32G4xx_HAL_Driver/Src/stm32g4xx_hal_rcc_ex.o" --specs=nano.specs -mfpu=fpv4-sp-d16 -mfloat-abi=hard -mthumb -o "Drivers/STM32G4xx_HAL_Driver/Src/stm32g4xx_hal_rcc_ex.o"
arm-none-eabi-gcc "../Drivers/STM32G4xx_HAL_Driver/Src/stm32g4xx_hal_spi.c" -mcpu=cortex-m4 -std=gnu11 -g3 -DDEBUG -DARM_MATH_CM4 -DUSE_HAL_DRIVER -DSTM32G473xx -c -I../Core/Inc -I../Drivers/STM32G4xx_HAL_Driver/Inc -I../Drivers/STM32G4xx_HAL_Driver/Inc/Legacy -I../Drivers/CMSIS/Device/ST/STM32G4xx/Include -I../Drivers/CMSIS/Include -I../Drivers/CMSIS/DSP/Include -Os -ffunction-sections -fdata-sections -Wall -fstack-usage -fcyclomatic-complexity -MMD -MP -MF"Drivers/STM32G4xx_HAL_Driver/Src/stm32g4xx_hal_spi.d" -MT"Drivers/STM32G4xx_HAL_Driver/Src/stm32g4xx_hal_spi.o" --specs=nano.specs -mfpu=fpv4-sp-d16 -mfloat-abi=hard -mthumb -o "Drivers/STM32G4xx_HAL_Driver/Src/stm32g4xx_hal_spi.o"
arm-none-eabi-gcc "../Drivers/STM32G4xx_HAL_Driver/Src/stm32g4xx_hal_spi_ex.c" -mcpu=cortex-m4 -std=gnu11 -g3 -DDEBUG -DARM_MATH_CM4 -DUSE_HAL_DRIVER -DSTM32G473xx -c -I../Core/Inc -I../Drivers/STM32G4xx_HAL_Driver/Inc -I../Drivers/STM32G4xx_HAL_Driver/Inc/Legacy -I../Drivers/CMSIS/Device/ST/STM32G4xx/Include -I../Drivers/CMSIS/Include -I../Drivers/CMSIS/DSP/Include -Os -ffunction-sections -fdata-sections -Wall -fstack-usage -fcyclomatic-complexity -MMD -MP -MF"Drivers/STM32G4xx_HAL_Driver/Src/stm32g4xx_hal_spi_ex.d" -MT"Drivers/STM32G4xx_HAL_Driver/Src/stm32g4xx_hal_spi_ex.o" --specs=nano.specs -mfpu=fpv4-sp-d16 -mfloat-abi=hard -mthumb -o "Drivers/STM32G4xx_HAL_Driver/Src/stm32g4xx_hal_spi_ex.o"
arm-none-eabi-gcc "../Drivers/STM32G4xx_HAL_Driver/Src/stm32g4xx_hal_tim.c" -mcpu=cortex-m4 -std=gnu11 -g3 -DDEBUG -DARM_MATH_CM4 -DUSE_HAL_DRIVER -DSTM32G473xx -c -I../Core/Inc -I../Drivers/STM32G4xx_HAL_Driver/Inc -I../Drivers/STM32G4xx_HAL_Driver/Inc/Legacy -I../Drivers/CMSIS/Device/ST/STM32G4xx/Include -I../Drivers/CMSIS/Include -I../Drivers/CMSIS/DSP/Include -Os -ffunction-sections -fdata-sections -Wall -fstack-usage -fcyclomatic-complexity -MMD -MP -MF"Drivers/STM32G4xx_HAL_Driver/Src/stm32g4xx_hal_tim.d" -MT"Drivers/STM32G4xx_HAL_Driver/Src/stm32g4xx_hal_tim.o" --specs=nano.specs -mfpu=fpv4-sp-d16 -mfloat-abi=hard -mthumb -o "Drivers/STM32G4xx_HAL_Driver/Src/stm32g4xx_hal_tim.o"
arm-none-eabi-gcc "../Drivers/STM32G4xx_HAL_Driver/Src/stm32g4xx_hal_tim_ex.c" -mcpu=cortex-m4 -std=gnu11 -g3 -DDEBUG -DARM_MATH_CM4 -DUSE_HAL_DRIVER -DSTM32G473xx -c -I../Core/Inc -I../Drivers/STM32G4xx_HAL_Driver/Inc -I../Drivers/STM32G4xx_HAL_Driver/Inc/Legacy -I../Drivers/CMSIS/Device/ST/STM32G4xx/Include -I../Drivers/CMSIS/Include -I../Drivers/CMSIS/DSP/Include -Os -ffunction-sections -fdata-sections -Wall -fstack-usage -fcyclomatic-complexity -MMD -MP -MF"Drivers/STM32G4xx_HAL_Driver/Src/stm32g4xx_hal_tim_ex.d" -MT"Drivers/STM32G4xx_HAL_Driver/Src/stm32g4xx_hal_tim_ex.o" --specs=nano.specs -mfpu=fpv4-sp-d16 -mfloat-abi=hard -mthumb -o "Drivers/STM32G4xx_HAL_Driver/Src/stm32g4xx_hal_tim_ex.o"
arm-none-eabi-gcc "../Drivers/STM32G4xx_HAL_Driver/Src/stm32g4xx_hal_uart.c" -mcpu=cortex-m4 -std=gnu11 -g3 -DDEBUG -DARM_MATH_CM4 -DUSE_HAL_DRIVER -DSTM32G473xx -c -I../Core/Inc -I../Drivers/STM32G4xx_HAL_Driver/Inc -I../Drivers/STM32G4xx_HAL_Driver/Inc/Legacy -I../Drivers/CMSIS/Device/ST/STM32G4xx/Include -I../Drivers/CMSIS/Include -I../Drivers/CMSIS/DSP/Include -Os -ffunction-sections -fdata-sections -Wall -fstack-usage -fcyclomatic-complexity -MMD -MP -MF"Drivers/STM32G4xx_HAL_Driver/Src/stm32g4xx_hal_uart.d" -MT"Drivers/STM32G4xx_HAL_Driver/Src/stm32g4xx_hal_uart.o" --specs=nano.specs -mfpu=fpv4-sp-d16 -mfloat-abi=hard -mthumb -o "Drivers/STM32G4xx_HAL_Driver/Src/stm32g4xx_hal_uart.o"
arm-none-eabi-gcc "../Drivers/STM32G4xx_HAL_Driver/Src/stm32g4xx_hal_uart_ex.c" -mcpu=cortex-m4 -std=gnu11 -g3 -DDEBUG -DARM_MATH_CM4 -DUSE_HAL_DRIVER -DSTM32G473xx -c -I../Core/Inc -I../Drivers/STM32G4xx_HAL_Driver/Inc -I../Drivers/STM32G4xx_HAL_Driver/Inc/Legacy -I../Drivers/CMSIS/Device/ST/STM32G4xx/Include -I../Drivers/CMSIS/Include -I../Drivers/CMSIS/DSP/Include -Os -ffunction-sections -fdata-sections -Wall -fstack-usage -fcyclomatic-complexity -MMD -MP -MF"Drivers/STM32G4xx_HAL_Driver/Src/stm32g4xx_hal_uart_ex.d" -MT"Drivers/STM32G4xx_HAL_Driver/Src/stm32g4xx_hal_uart_ex.o" --specs=nano.specs -mfpu=fpv4-sp-d16 -mfloat-abi=hard -mthumb -o "Drivers/STM32G4xx_HAL_Driver/Src/stm32g4xx_hal_uart_ex.o"
arm-none-eabi-gcc "../Drivers/STM32G4xx_HAL_Driver/Src/stm32g4xx_ll_adc.c" -mcpu=cortex-m4 -std=gnu11 -g3 -DDEBUG -DARM_MATH_CM4 -DUSE_HAL_DRIVER -DSTM32G473xx -c -I../Core/Inc -I../Drivers/STM32G4xx_HAL_Driver/Inc -I../Drivers/STM32G4xx_HAL_Driver/Inc/Legacy -I../Drivers/CMSIS/Device/ST/STM32G4xx/Include -I../Drivers/CMSIS/Include -I../Drivers/CMSIS/DSP/Include -Os -ffunction-sections -fdata-sections -Wall -fstack-usage -fcyclomatic-complexity -MMD -MP -MF"Drivers/STM32G4xx_HAL_Driver/Src/stm32g4xx_ll_adc.d" -MT"Drivers/STM32G4xx_HAL_Driver/Src/stm32g4xx_ll_adc.o" --specs=nano.specs -mfpu=fpv4-sp-d16 -mfloat-abi=hard -mthumb -o "Drivers/STM32G4xx_HAL_Driver/Src/stm32g4xx_ll_adc.o"
arm-none-eabi-gcc "../Core/Src/main.c" -mcpu=cortex-m4 -std=gnu11 -g3 -DDEBUG -DARM_MATH_CM4 -DUSE_HAL_DRIVER -DSTM32G473xx -c -I../Core/Inc -I../Drivers/STM32G4xx_HAL_Driver/Inc -I../Drivers/STM32G4xx_HAL_Driver/Inc/Legacy -I../Drivers/CMSIS/Device/ST/STM32G4xx/Include -I../Drivers/CMSIS/Include -I../Drivers/CMSIS/DSP/Include -Os -ffunction-sections -fdata-sections -Wall -fstack-usage -fcyclomatic-complexity -MMD -MP -MF"Core/Src/main.d" -MT"Core/Src/main.o" --specs=nano.specs -mfpu=fpv4-sp-d16 -mfloat-abi=hard -mthumb -o "Core/Src/main.o"
arm-none-eabi-gcc "../Core/Src/stm32g4xx_hal_msp.c" -mcpu=cortex-m4 -std=gnu11 -g3 -DDEBUG -DARM_MATH_CM4 -DUSE_HAL_DRIVER -DSTM32G473xx -c -I../Core/Inc -I../Drivers/STM32G4xx_HAL_Driver/Inc -I../Drivers/STM32G4xx_HAL_Driver/Inc/Legacy -I../Drivers/CMSIS/Device/ST/STM32G4xx/Include -I../Drivers/CMSIS/Include -I../Drivers/CMSIS/DSP/Include -Os -ffunction-sections -fdata-sections -Wall -fstack-usage -fcyclomatic-complexity -MMD -MP -MF"Core/Src/stm32g4xx_hal_msp.d" -MT"Core/Src/stm32g4xx_hal_msp.o" --specs=nano.specs -mfpu=fpv4-sp-d16 -mfloat-abi=hard -mthumb -o "Core/Src/stm32g4xx_hal_msp.o"
arm-none-eabi-gcc "../Core/Src/stm32g4xx_it.c" -mcpu=cortex-m4 -std=gnu11 -g3 -DDEBUG -DARM_MATH_CM4 -DUSE_HAL_DRIVER -DSTM32G473xx -c -I../Core/Inc -I../Drivers/STM32G4xx_HAL_Driver/Inc -I../Drivers/STM32G4xx_HAL_Driver/Inc/Legacy -I../Drivers/CMSIS/Device/ST/STM32G4xx/Include -I../Drivers/CMSIS/Include -I../Drivers/CMSIS/DSP/Include -Os -ffunction-sections -fdata-sections -Wall -fstack-usage -fcyclomatic-complexity -MMD -MP -MF"Core/Src/stm32g4xx_it.d" -MT"Core/Src/stm32g4xx_it.o" --specs=nano.specs -mfpu=fpv4-sp-d16 -mfloat-abi=hard -mthumb -o "Core/Src/stm32g4xx_it.o"
arm-none-eabi-gcc "../Core/Src/syscalls.c" -mcpu=cortex-m4 -std=gnu11 -g3 -DDEBUG -DARM_MATH_CM4 -DUSE_HAL_DRIVER -DSTM32G473xx -c -I../Core/Inc -I../Drivers/STM32G4xx_HAL_Driver/Inc -I../Drivers/STM32G4xx_HAL_Driver/Inc/Legacy -I../Drivers/CMSIS/Device/ST/STM32G4xx/Include -I../Drivers/CMSIS/Include -I../Drivers/CMSIS/DSP/Include -Os -ffunction-sections -fdata-sections -Wall -fstack-usage -fcyclomatic-complexity -MMD -MP -MF"Core/Src/syscalls.d" -MT"Core/Src/syscalls.o" --specs=nano.specs -mfpu=fpv4-sp-d16 -mfloat-abi=hard -mthumb -o "Core/Src/syscalls.o"
arm-none-eabi-gcc "../Core/Src/sysmem.c" -mcpu=cortex-m4 -std=gnu11 -g3 -DDEBUG -DARM_MATH_CM4 -DUSE_HAL_DRIVER -DSTM32G473xx -c -I../Core/Inc -I../Drivers/STM32G4xx_HAL_Driver/Inc -I../Drivers/STM32G4xx_HAL_Driver/Inc/Legacy -I../Drivers/CMSIS/Device/ST/STM32G4xx/Include -I../Drivers/CMSIS/Include -I../Drivers/CMSIS/DSP/Include -Os -ffunction-sections -fdata-sections -Wall -fstack-usage -fcyclomatic-complexity -MMD -MP -MF"Core/Src/sysmem.d" -MT"Core/Src/sysmem.o" --specs=nano.specs -mfpu=fpv4-sp-d16 -mfloat-abi=hard -mthumb -o "Core/Src/sysmem.o"
arm-none-eabi-gcc "../Core/Src/system_stm32g4xx.c" -mcpu=cortex-m4 -std=gnu11 -g3 -DDEBUG -DARM_MATH_CM4 -DUSE_HAL_DRIVER -DSTM32G473xx -c -I../Core/Inc -I../Drivers/STM32G4xx_HAL_Driver/Inc -I../Drivers/STM32G4xx_HAL_Driver/Inc/Legacy -I../Drivers/CMSIS/Device/ST/STM32G4xx/Include -I../Drivers/CMSIS/Include -I../Drivers/CMSIS/DSP/Include -Os -ffunction-sections -fdata-sections -Wall -fstack-usage -fcyclomatic-complexity -MMD -MP -MF"Core/Src/system_stm32g4xx.d" -MT"Core/Src/system_stm32g4xx.o" --specs=nano.specs -mfpu=fpv4-sp-d16 -mfloat-abi=hard -mthumb -o "Core/Src/system_stm32g4xx.o"
../Core/Src/main.c: In function 'Process_HalfBuffer':
../Core/Src/main.c:1710:11: warning: 'ADC' may be used uninitialized [-Wmaybe-uninitialized]
 1710 |         if(ADC == 1)
      |           ^
../Core/Src/main.c:1700:13: note: 'ADC' was declared here
 1700 |         int ADC;
      |             ^~~
../Core/Src/main.c:1696:19: warning: 'integerBuffer' may be used uninitialized [-Wmaybe-uninitialized]
 1696 |         uint16_t* integerBuffer;
      |                   ^~~~~~~~~~~~~
arm-none-eabi-gcc -o "test.elf" @"objects.list"  -larm_cortexM4lf_math -mcpu=cortex-m4 -T"C:\Users\peter\OneDrive\Documents\IEEEMTTSCode\PhasedArrayRadar_IEEE_MTTS\STM32_Code\tutorial\test\STM32G473QETX_FLASH.ld" --specs=nosys.specs -Wl,-Map="test.map" -Wl,--gc-sections -static -L../Drivers/CMSIS/Lib/GCC --specs=nano.specs -mfpu=fpv4-sp-d16 -mfloat-abi=hard -mthumb -u _printf_float -Wl,--start-group -lc -lm -Wl,--end-group
C:/ST/STM32CubeIDE_1.18.0/STM32CubeIDE/plugins/com.st.stm32cube.ide.mcu.externaltools.gnu-tools-for-stm32.13.3.rel1.win32_1.0.0.202411081344/tools/bin/../lib/gcc/arm-none-eabi/13.3.1/../../../../arm-none-eabi/bin/ld.exe: test.elf section `.bss' will not fit in region `RAM'
C:/ST/STM32CubeIDE_1.18.0/STM32CubeIDE/plugins/com.st.stm32cube.ide.mcu.externaltools.gnu-tools-for-stm32.13.3.rel1.win32_1.0.0.202411081344/tools/bin/../lib/gcc/arm-none-eabi/13.3.1/../../../../arm-none-eabi/bin/ld.exe: region `RAM' overflowed by 36880 bytes
collect2.exe: error: ld returned 1 exit status
make: *** [makefile:64: test.elf] Error 1
"make -j22 all" terminated with exit code 2. Build might be incomplete.
22:20:08 **** Incremental Build of configuration Debug for project test ****
make -j22 all 
arm-none-eabi-gcc "../Core/Src/main.c" -mcpu=cortex-m4 -std=gnu11 -g3 -DDEBUG -DARM_MATH_CM4 -DUSE_HAL_DRIVER -DSTM32G473xx -c -I../Core/Inc -I../Drivers/STM32G4xx_HAL_Driver/Inc -I../Drivers/STM32G4xx_HAL_Driver/Inc/Legacy -I../Drivers/CMSIS/Device/ST/STM32G4xx/Include -I../Drivers/CMSIS/Include -I../Drivers/CMSIS/DSP/Include -Os -ffunction-sections -fdata-sections -Wall -fstack-usage -fcyclomatic-complexity -MMD -MP -MF"Core/Src/main.d" -MT"Core/Src/main.o" --specs=nano.specs -mfpu=fpv4-sp-d16 -mfloat-abi=hard -mthumb -o "Core/Src/main.o"
../Core/Src/main.c: In function 'Process_HalfBuffer':
../Core/Src/main.c:1696:19: warning: 'integerBuffer' may be used uninitialized [-Wmaybe-uninitialized]
 1696 |         uint16_t* integerBuffer;
      |                   ^~~~~~~~~~~~~
arm-none-eabi-gcc -o "test.elf" @"objects.list"  -larm_cortexM4lf_math -mcpu=cortex-m4 -T"C:\Users\peter\OneDrive\Documents\IEEEMTTSCode\PhasedArrayRadar_IEEE_MTTS\STM32_Code\tutorial\test\STM32G473QETX_FLASH.ld" --specs=nosys.specs -Wl,-Map="test.map" -Wl,--gc-sections -static -L../Drivers/CMSIS/Lib/GCC --specs=nano.specs -mfpu=fpv4-sp-d16 -mfloat-abi=hard -mthumb -u _printf_float -Wl,--start-group -lc -lm -Wl,--end-group
C:/ST/STM32CubeIDE_1.18.0/STM32CubeIDE/plugins/com.st.stm32cube.ide.mcu.externaltools.gnu-tools-for-stm32.13.3.rel1.win32_1.0.0.202411081344/tools/bin/../lib/gcc/arm-none-eabi/13.3.1/../../../../arm-none-eabi/bin/ld.exe: test.elf section `.bss' will not fit in region `RAM'
C:/ST/STM32CubeIDE_1.18.0/STM32CubeIDE/plugins/com.st.stm32cube.ide.mcu.externaltools.gnu-tools-for-stm32.13.3.rel1.win32_1.0.0.202411081344/tools/bin/../lib/gcc/arm-none-eabi/13.3.1/../../../../arm-none-eabi/bin/ld.exe: region `RAM' overflowed by 36880 bytes
collect2.exe: error: ld returned 1 exit status
make: *** [makefile:64: test.elf] Error 1
"make -j22 all" terminated with exit code 2. Build might be incomplete.
22:20:10 **** Incremental Build of configuration Debug for project test ****
make -j22 all 
arm-none-eabi-gcc -o "test.elf" @"objects.list"  -larm_cortexM4lf_math -mcpu=cortex-m4 -T"C:\Users\peter\OneDrive\Documents\IEEEMTTSCode\PhasedArrayRadar_IEEE_MTTS\STM32_Code\tutorial\test\STM32G473QETX_FLASH.ld" --specs=nosys.specs -Wl,-Map="test.map" -Wl,--gc-sections -static -L../Drivers/CMSIS/Lib/GCC --specs=nano.specs -mfpu=fpv4-sp-d16 -mfloat-abi=hard -mthumb -u _printf_float -Wl,--start-group -lc -lm -Wl,--end-group
C:/ST/STM32CubeIDE_1.18.0/STM32CubeIDE/plugins/com.st.stm32cube.ide.mcu.externaltools.gnu-tools-for-stm32.13.3.rel1.win32_1.0.0.202411081344/tools/bin/../lib/gcc/arm-none-eabi/13.3.1/../../../../arm-none-eabi/bin/ld.exe: test.elf section `.bss' will not fit in region `RAM'
C:/ST/STM32CubeIDE_1.18.0/STM32CubeIDE/plugins/com.st.stm32cube.ide.mcu.externaltools.gnu-tools-for-stm32.13.3.rel1.win32_1.0.0.202411081344/tools/bin/../lib/gcc/arm-none-eabi/13.3.1/../../../../arm-none-eabi/bin/ld.exe: region `RAM' overflowed by 36880 bytes
collect2.exe: error: ld returned 1 exit status
make: *** [makefile:64: test.elf] Error 1
"make -j22 all" terminated with exit code 2. Build might be incomplete.
22:20:14 **** Incremental Build of configuration Debug for project test ****
make -j22 all 
arm-none-eabi-gcc -o "test.elf" @"objects.list"  -larm_cortexM4lf_math -mcpu=cortex-m4 -T"C:\Users\peter\OneDrive\Documents\IEEEMTTSCode\PhasedArrayRadar_IEEE_MTTS\STM32_Code\tutorial\test\STM32G473QETX_FLASH.ld" --specs=nosys.specs -Wl,-Map="test.map" -Wl,--gc-sections -static -L../Drivers/CMSIS/Lib/GCC --specs=nano.specs -mfpu=fpv4-sp-d16 -mfloat-abi=hard -mthumb -u _printf_float -Wl,--start-group -lc -lm -Wl,--end-group
C:/ST/STM32CubeIDE_1.18.0/STM32CubeIDE/plugins/com.st.stm32cube.ide.mcu.externaltools.gnu-tools-for-stm32.13.3.rel1.win32_1.0.0.202411081344/tools/bin/../lib/gcc/arm-none-eabi/13.3.1/../../../../arm-none-eabi/bin/ld.exe: test.elf section `.bss' will not fit in region `RAM'
C:/ST/STM32CubeIDE_1.18.0/STM32CubeIDE/plugins/com.st.stm32cube.ide.mcu.externaltools.gnu-tools-for-stm32.13.3.rel1.win32_1.0.0.202411081344/tools/bin/../lib/gcc/arm-none-eabi/13.3.1/../../../../arm-none-eabi/bin/ld.exe: region `RAM' overflowed by 36880 bytes
collect2.exe: error: ld returned 1 exit status
make: *** [makefile:64: test.elf] Error 1
"make -j22 all" terminated with exit code 2. Build might be incomplete.
22:20:35 **** Incremental Build of configuration Debug for project test ****
make -j22 all 
arm-none-eabi-gcc -o "test.elf" @"objects.list"  -larm_cortexM4lf_math -mcpu=cortex-m4 -T"C:\Users\peter\OneDrive\Documents\IEEEMTTSCode\PhasedArrayRadar_IEEE_MTTS\STM32_Code\tutorial\test\STM32G473QETX_FLASH.ld" --specs=nosys.specs -Wl,-Map="test.map" -Wl,--gc-sections -static -L../Drivers/CMSIS/Lib/GCC --specs=nano.specs -mfpu=fpv4-sp-d16 -mfloat-abi=hard -mthumb -u _printf_float -Wl,--start-group -lc -lm -Wl,--end-group
C:/ST/STM32CubeIDE_1.18.0/STM32CubeIDE/plugins/com.st.stm32cube.ide.mcu.externaltools.gnu-tools-for-stm32.13.3.rel1.win32_1.0.0.202411081344/tools/bin/../lib/gcc/arm-none-eabi/13.3.1/../../../../arm-none-eabi/bin/ld.exe: test.elf section `.bss' will not fit in region `RAM'
C:/ST/STM32CubeIDE_1.18.0/STM32CubeIDE/plugins/com.st.stm32cube.ide.mcu.externaltools.gnu-tools-for-stm32.13.3.rel1.win32_1.0.0.202411081344/tools/bin/../lib/gcc/arm-none-eabi/13.3.1/../../../../arm-none-eabi/bin/ld.exe: region `RAM' overflowed by 36880 bytes
collect2.exe: error: ld returned 1 exit status
make: *** [makefile:64: test.elf] Error 1
"make -j22 all" terminated with exit code 2. Build might be incomplete.
22:20:59 **** Incremental Build of configuration Debug for project test ****
make -j22 all 
arm-none-eabi-gcc "../Core/Src/main.c" -mcpu=cortex-m4 -std=gnu11 -g3 -DDEBUG -DARM_MATH_CM4 -DUSE_HAL_DRIVER -DSTM32G473xx -c -I../Core/Inc -I../Drivers/STM32G4xx_HAL_Driver/Inc -I../Drivers/STM32G4xx_HAL_Driver/Inc/Legacy -I../Drivers/CMSIS/Device/ST/STM32G4xx/Include -I../Drivers/CMSIS/Include -I../Drivers/CMSIS/DSP/Include -Os -ffunction-sections -fdata-sections -Wall -fstack-usage -fcyclomatic-complexity -MMD -MP -MF"Core/Src/main.d" -MT"Core/Src/main.o" --specs=nano.specs -mfpu=fpv4-sp-d16 -mfloat-abi=hard -mthumb -o "Core/Src/main.o"
../Core/Src/main.c: In function 'Process_HalfBuffer':
../Core/Src/main.c:1696:19: warning: variable 'integerBuffer' set but not used [-Wunused-but-set-variable]
 1696 |         uint16_t* integerBuffer;
      |                   ^~~~~~~~~~~~~
../Core/Src/main.c:1694:30: warning: unused variable 'rightIn' [-Wunused-variable]
 1694 |         static float leftIn, rightIn;
      |                              ^~~~~~~
../Core/Src/main.c:1694:22: warning: unused variable 'leftIn' [-Wunused-variable]
 1694 |         static float leftIn, rightIn;
      |                      ^~~~~~
arm-none-eabi-gcc -o "test.elf" @"objects.list"  -larm_cortexM4lf_math -mcpu=cortex-m4 -T"C:\Users\peter\OneDrive\Documents\IEEEMTTSCode\PhasedArrayRadar_IEEE_MTTS\STM32_Code\tutorial\test\STM32G473QETX_FLASH.ld" --specs=nosys.specs -Wl,-Map="test.map" -Wl,--gc-sections -static -L../Drivers/CMSIS/Lib/GCC --specs=nano.specs -mfpu=fpv4-sp-d16 -mfloat-abi=hard -mthumb -u _printf_float -Wl,--start-group -lc -lm -Wl,--end-group
C:/ST/STM32CubeIDE_1.18.0/STM32CubeIDE/plugins/com.st.stm32cube.ide.mcu.externaltools.gnu-tools-for-stm32.13.3.rel1.win32_1.0.0.202411081344/tools/bin/../lib/gcc/arm-none-eabi/13.3.1/../../../../arm-none-eabi/bin/ld.exe: test.elf section `.bss' will not fit in region `RAM'
C:/ST/STM32CubeIDE_1.18.0/STM32CubeIDE/plugins/com.st.stm32cube.ide.mcu.externaltools.gnu-tools-for-stm32.13.3.rel1.win32_1.0.0.202411081344/tools/bin/../lib/gcc/arm-none-eabi/13.3.1/../../../../arm-none-eabi/bin/ld.exe: region `RAM' overflowed by 36880 bytes
collect2.exe: error: ld returned 1 exit status
make: *** [makefile:64: test.elf] Error 1
"make -j22 all" terminated with exit code 2. Build might be incomplete.
22:21:07 **** Incremental Build of configuration Debug for project test ****
make -j22 all 
arm-none-eabi-gcc -o "test.elf" @"objects.list"  -larm_cortexM4lf_math -mcpu=cortex-m4 -T"C:\Users\peter\OneDrive\Documents\IEEEMTTSCode\PhasedArrayRadar_IEEE_MTTS\STM32_Code\tutorial\test\STM32G473QETX_FLASH.ld" --specs=nosys.specs -Wl,-Map="test.map" -Wl,--gc-sections -static -L../Drivers/CMSIS/Lib/GCC --specs=nano.specs -mfpu=fpv4-sp-d16 -mfloat-abi=hard -mthumb -u _printf_float -Wl,--start-group -lc -lm -Wl,--end-group
C:/ST/STM32CubeIDE_1.18.0/STM32CubeIDE/plugins/com.st.stm32cube.ide.mcu.externaltools.gnu-tools-for-stm32.13.3.rel1.win32_1.0.0.202411081344/tools/bin/../lib/gcc/arm-none-eabi/13.3.1/../../../../arm-none-eabi/bin/ld.exe: test.elf section `.bss' will not fit in region `RAM'
C:/ST/STM32CubeIDE_1.18.0/STM32CubeIDE/plugins/com.st.stm32cube.ide.mcu.externaltools.gnu-tools-for-stm32.13.3.rel1.win32_1.0.0.202411081344/tools/bin/../lib/gcc/arm-none-eabi/13.3.1/../../../../arm-none-eabi/bin/ld.exe: region `RAM' overflowed by 36880 bytes
collect2.exe: error: ld returned 1 exit status
make: *** [makefile:64: test.elf] Error 1
"make -j22 all" terminated with exit code 2. Build might be incomplete.
22:21:19 **** Incremental Build of configuration Debug for project test ****
make -j22 all 
arm-none-eabi-gcc "../Core/Src/main.c" -mcpu=cortex-m4 -std=gnu11 -g3 -DDEBUG -DARM_MATH_CM4 -DUSE_HAL_DRIVER -DSTM32G473xx -c -I../Core/Inc -I../Drivers/STM32G4xx_HAL_Driver/Inc -I../Drivers/STM32G4xx_HAL_Driver/Inc/Legacy -I../Drivers/CMSIS/Device/ST/STM32G4xx/Include -I../Drivers/CMSIS/Include -I../Drivers/CMSIS/DSP/Include -Os -ffunction-sections -fdata-sections -Wall -fstack-usage -fcyclomatic-complexity -MMD -MP -MF"Core/Src/main.d" -MT"Core/Src/main.o" --specs=nano.specs -mfpu=fpv4-sp-d16 -mfloat-abi=hard -mthumb -o "Core/Src/main.o"
../Core/Src/main.c: In function 'Process_HalfBuffer':
../Core/Src/main.c:1696:19: warning: 'integerBuffer' may be used uninitialized [-Wmaybe-uninitialized]
 1696 |         uint16_t* integerBuffer;
      |                   ^~~~~~~~~~~~~
arm-none-eabi-gcc -o "test.elf" @"objects.list"  -larm_cortexM4lf_math -mcpu=cortex-m4 -T"C:\Users\peter\OneDrive\Documents\IEEEMTTSCode\PhasedArrayRadar_IEEE_MTTS\STM32_Code\tutorial\test\STM32G473QETX_FLASH.ld" --specs=nosys.specs -Wl,-Map="test.map" -Wl,--gc-sections -static -L../Drivers/CMSIS/Lib/GCC --specs=nano.specs -mfpu=fpv4-sp-d16 -mfloat-abi=hard -mthumb -u _printf_float -Wl,--start-group -lc -lm -Wl,--end-group
C:/ST/STM32CubeIDE_1.18.0/STM32CubeIDE/plugins/com.st.stm32cube.ide.mcu.externaltools.gnu-tools-for-stm32.13.3.rel1.win32_1.0.0.202411081344/tools/bin/../lib/gcc/arm-none-eabi/13.3.1/../../../../arm-none-eabi/bin/ld.exe: test.elf section `.bss' will not fit in region `RAM'
C:/ST/STM32CubeIDE_1.18.0/STM32CubeIDE/plugins/com.st.stm32cube.ide.mcu.externaltools.gnu-tools-for-stm32.13.3.rel1.win32_1.0.0.202411081344/tools/bin/../lib/gcc/arm-none-eabi/13.3.1/../../../../arm-none-eabi/bin/ld.exe: region `RAM' overflowed by 36880 bytes
collect2.exe: error: ld returned 1 exit status
make: *** [makefile:64: test.elf] Error 1
"make -j22 all" terminated with exit code 2. Build might be incomplete.
22:21:34 **** Incremental Build of configuration Debug for project test ****
make -j22 all 
arm-none-eabi-gcc "../Core/Src/main.c" -mcpu=cortex-m4 -std=gnu11 -g3 -DDEBUG -DARM_MATH_CM4 -DUSE_HAL_DRIVER -DSTM32G473xx -c -I../Core/Inc -I../Drivers/STM32G4xx_HAL_Driver/Inc -I../Drivers/STM32G4xx_HAL_Driver/Inc/Legacy -I../Drivers/CMSIS/Device/ST/STM32G4xx/Include -I../Drivers/CMSIS/Include -I../Drivers/CMSIS/DSP/Include -Os -ffunction-sections -fdata-sections -Wall -fstack-usage -fcyclomatic-complexity -MMD -MP -MF"Core/Src/main.d" -MT"Core/Src/main.o" --specs=nano.specs -mfpu=fpv4-sp-d16 -mfloat-abi=hard -mthumb -o "Core/Src/main.o"
../Core/Src/main.c: In function 'Process_HalfBuffer':
../Core/Src/main.c:1696:19: warning: 'integerBuffer' may be used uninitialized [-Wmaybe-uninitialized]
 1696 |         uint16_t* integerBuffer;
      |                   ^~~~~~~~~~~~~
arm-none-eabi-gcc -o "test.elf" @"objects.list"  -larm_cortexM4lf_math -mcpu=cortex-m4 -T"C:\Users\peter\OneDrive\Documents\IEEEMTTSCode\PhasedArrayRadar_IEEE_MTTS\STM32_Code\tutorial\test\STM32G473QETX_FLASH.ld" --specs=nosys.specs -Wl,-Map="test.map" -Wl,--gc-sections -static -L../Drivers/CMSIS/Lib/GCC --specs=nano.specs -mfpu=fpv4-sp-d16 -mfloat-abi=hard -mthumb -u _printf_float -Wl,--start-group -lc -lm -Wl,--end-group
C:/ST/STM32CubeIDE_1.18.0/STM32CubeIDE/plugins/com.st.stm32cube.ide.mcu.externaltools.gnu-tools-for-stm32.13.3.rel1.win32_1.0.0.202411081344/tools/bin/../lib/gcc/arm-none-eabi/13.3.1/../../../../arm-none-eabi/bin/ld.exe: test.elf section `.bss' will not fit in region `RAM'
C:/ST/STM32CubeIDE_1.18.0/STM32CubeIDE/plugins/com.st.stm32cube.ide.mcu.externaltools.gnu-tools-for-stm32.13.3.rel1.win32_1.0.0.202411081344/tools/bin/../lib/gcc/arm-none-eabi/13.3.1/../../../../arm-none-eabi/bin/ld.exe: region `RAM' overflowed by 36880 bytes
collect2.exe: error: ld returned 1 exit status
make: *** [makefile:64: test.elf] Error 1
"make -j22 all" terminated with exit code 2. Build might be incomplete.
22:22:01 **** Incremental Build of configuration Debug for project test ****
make -j22 all 
arm-none-eabi-gcc "../Drivers/STM32G4xx_HAL_Driver/Src/stm32g4xx_hal.c" -mcpu=cortex-m4 -std=gnu11 -g3 -DDEBUG -DARM_MATH_CM4 -DUSE_HAL_DRIVER -DSTM32G473xx -c -I../Core/Inc -I../Drivers/STM32G4xx_HAL_Driver/Inc -I../Drivers/STM32G4xx_HAL_Driver/Inc/Legacy -I../Drivers/CMSIS/Device/ST/STM32G4xx/Include -I../Drivers/CMSIS/Include -I../Drivers/CMSIS/DSP/Include -Oz -ffunction-sections -fdata-sections -Wall -fstack-usage -fcyclomatic-complexity -MMD -MP -MF"Drivers/STM32G4xx_HAL_Driver/Src/stm32g4xx_hal.d" -MT"Drivers/STM32G4xx_HAL_Driver/Src/stm32g4xx_hal.o" --specs=nano.specs -mfpu=fpv4-sp-d16 -mfloat-abi=hard -mthumb -o "Drivers/STM32G4xx_HAL_Driver/Src/stm32g4xx_hal.o"
arm-none-eabi-gcc "../Drivers/STM32G4xx_HAL_Driver/Src/stm32g4xx_hal_adc.c" -mcpu=cortex-m4 -std=gnu11 -g3 -DDEBUG -DARM_MATH_CM4 -DUSE_HAL_DRIVER -DSTM32G473xx -c -I../Core/Inc -I../Drivers/STM32G4xx_HAL_Driver/Inc -I../Drivers/STM32G4xx_HAL_Driver/Inc/Legacy -I../Drivers/CMSIS/Device/ST/STM32G4xx/Include -I../Drivers/CMSIS/Include -I../Drivers/CMSIS/DSP/Include -Oz -ffunction-sections -fdata-sections -Wall -fstack-usage -fcyclomatic-complexity -MMD -MP -MF"Drivers/STM32G4xx_HAL_Driver/Src/stm32g4xx_hal_adc.d" -MT"Drivers/STM32G4xx_HAL_Driver/Src/stm32g4xx_hal_adc.o" --specs=nano.specs -mfpu=fpv4-sp-d16 -mfloat-abi=hard -mthumb -o "Drivers/STM32G4xx_HAL_Driver/Src/stm32g4xx_hal_adc.o"
arm-none-eabi-gcc "../Drivers/STM32G4xx_HAL_Driver/Src/stm32g4xx_hal_adc_ex.c" -mcpu=cortex-m4 -std=gnu11 -g3 -DDEBUG -DARM_MATH_CM4 -DUSE_HAL_DRIVER -DSTM32G473xx -c -I../Core/Inc -I../Drivers/STM32G4xx_HAL_Driver/Inc -I../Drivers/STM32G4xx_HAL_Driver/Inc/Legacy -I../Drivers/CMSIS/Device/ST/STM32G4xx/Include -I../Drivers/CMSIS/Include -I../Drivers/CMSIS/DSP/Include -Oz -ffunction-sections -fdata-sections -Wall -fstack-usage -fcyclomatic-complexity -MMD -MP -MF"Drivers/STM32G4xx_HAL_Driver/Src/stm32g4xx_hal_adc_ex.d" -MT"Drivers/STM32G4xx_HAL_Driver/Src/stm32g4xx_hal_adc_ex.o" --specs=nano.specs -mfpu=fpv4-sp-d16 -mfloat-abi=hard -mthumb -o "Drivers/STM32G4xx_HAL_Driver/Src/stm32g4xx_hal_adc_ex.o"
arm-none-eabi-gcc "../Drivers/STM32G4xx_HAL_Driver/Src/stm32g4xx_hal_cortex.c" -mcpu=cortex-m4 -std=gnu11 -g3 -DDEBUG -DARM_MATH_CM4 -DUSE_HAL_DRIVER -DSTM32G473xx -c -I../Core/Inc -I../Drivers/STM32G4xx_HAL_Driver/Inc -I../Drivers/STM32G4xx_HAL_Driver/Inc/Legacy -I../Drivers/CMSIS/Device/ST/STM32G4xx/Include -I../Drivers/CMSIS/Include -I../Drivers/CMSIS/DSP/Include -Oz -ffunction-sections -fdata-sections -Wall -fstack-usage -fcyclomatic-complexity -MMD -MP -MF"Drivers/STM32G4xx_HAL_Driver/Src/stm32g4xx_hal_cortex.d" -MT"Drivers/STM32G4xx_HAL_Driver/Src/stm32g4xx_hal_cortex.o" --specs=nano.specs -mfpu=fpv4-sp-d16 -mfloat-abi=hard -mthumb -o "Drivers/STM32G4xx_HAL_Driver/Src/stm32g4xx_hal_cortex.o"
arm-none-eabi-gcc "../Drivers/STM32G4xx_HAL_Driver/Src/stm32g4xx_hal_dac.c" -mcpu=cortex-m4 -std=gnu11 -g3 -DDEBUG -DARM_MATH_CM4 -DUSE_HAL_DRIVER -DSTM32G473xx -c -I../Core/Inc -I../Drivers/STM32G4xx_HAL_Driver/Inc -I../Drivers/STM32G4xx_HAL_Driver/Inc/Legacy -I../Drivers/CMSIS/Device/ST/STM32G4xx/Include -I../Drivers/CMSIS/Include -I../Drivers/CMSIS/DSP/Include -Oz -ffunction-sections -fdata-sections -Wall -fstack-usage -fcyclomatic-complexity -MMD -MP -MF"Drivers/STM32G4xx_HAL_Driver/Src/stm32g4xx_hal_dac.d" -MT"Drivers/STM32G4xx_HAL_Driver/Src/stm32g4xx_hal_dac.o" --specs=nano.specs -mfpu=fpv4-sp-d16 -mfloat-abi=hard -mthumb -o "Drivers/STM32G4xx_HAL_Driver/Src/stm32g4xx_hal_dac.o"
arm-none-eabi-gcc "../Drivers/STM32G4xx_HAL_Driver/Src/stm32g4xx_hal_dac_ex.c" -mcpu=cortex-m4 -std=gnu11 -g3 -DDEBUG -DARM_MATH_CM4 -DUSE_HAL_DRIVER -DSTM32G473xx -c -I../Core/Inc -I../Drivers/STM32G4xx_HAL_Driver/Inc -I../Drivers/STM32G4xx_HAL_Driver/Inc/Legacy -I../Drivers/CMSIS/Device/ST/STM32G4xx/Include -I../Drivers/CMSIS/Include -I../Drivers/CMSIS/DSP/Include -Oz -ffunction-sections -fdata-sections -Wall -fstack-usage -fcyclomatic-complexity -MMD -MP -MF"Drivers/STM32G4xx_HAL_Driver/Src/stm32g4xx_hal_dac_ex.d" -MT"Drivers/STM32G4xx_HAL_Driver/Src/stm32g4xx_hal_dac_ex.o" --specs=nano.specs -mfpu=fpv4-sp-d16 -mfloat-abi=hard -mthumb -o "Drivers/STM32G4xx_HAL_Driver/Src/stm32g4xx_hal_dac_ex.o"
arm-none-eabi-gcc "../Drivers/STM32G4xx_HAL_Driver/Src/stm32g4xx_hal_dma.c" -mcpu=cortex-m4 -std=gnu11 -g3 -DDEBUG -DARM_MATH_CM4 -DUSE_HAL_DRIVER -DSTM32G473xx -c -I../Core/Inc -I../Drivers/STM32G4xx_HAL_Driver/Inc -I../Drivers/STM32G4xx_HAL_Driver/Inc/Legacy -I../Drivers/CMSIS/Device/ST/STM32G4xx/Include -I../Drivers/CMSIS/Include -I../Drivers/CMSIS/DSP/Include -Oz -ffunction-sections -fdata-sections -Wall -fstack-usage -fcyclomatic-complexity -MMD -MP -MF"Drivers/STM32G4xx_HAL_Driver/Src/stm32g4xx_hal_dma.d" -MT"Drivers/STM32G4xx_HAL_Driver/Src/stm32g4xx_hal_dma.o" --specs=nano.specs -mfpu=fpv4-sp-d16 -mfloat-abi=hard -mthumb -o "Drivers/STM32G4xx_HAL_Driver/Src/stm32g4xx_hal_dma.o"
arm-none-eabi-gcc "../Drivers/STM32G4xx_HAL_Driver/Src/stm32g4xx_hal_dma_ex.c" -mcpu=cortex-m4 -std=gnu11 -g3 -DDEBUG -DARM_MATH_CM4 -DUSE_HAL_DRIVER -DSTM32G473xx -c -I../Core/Inc -I../Drivers/STM32G4xx_HAL_Driver/Inc -I../Drivers/STM32G4xx_HAL_Driver/Inc/Legacy -I../Drivers/CMSIS/Device/ST/STM32G4xx/Include -I../Drivers/CMSIS/Include -I../Drivers/CMSIS/DSP/Include -Oz -ffunction-sections -fdata-sections -Wall -fstack-usage -fcyclomatic-complexity -MMD -MP -MF"Drivers/STM32G4xx_HAL_Driver/Src/stm32g4xx_hal_dma_ex.d" -MT"Drivers/STM32G4xx_HAL_Driver/Src/stm32g4xx_hal_dma_ex.o" --specs=nano.specs -mfpu=fpv4-sp-d16 -mfloat-abi=hard -mthumb -o "Drivers/STM32G4xx_HAL_Driver/Src/stm32g4xx_hal_dma_ex.o"
arm-none-eabi-gcc "../Drivers/STM32G4xx_HAL_Driver/Src/stm32g4xx_hal_exti.c" -mcpu=cortex-m4 -std=gnu11 -g3 -DDEBUG -DARM_MATH_CM4 -DUSE_HAL_DRIVER -DSTM32G473xx -c -I../Core/Inc -I../Drivers/STM32G4xx_HAL_Driver/Inc -I../Drivers/STM32G4xx_HAL_Driver/Inc/Legacy -I../Drivers/CMSIS/Device/ST/STM32G4xx/Include -I../Drivers/CMSIS/Include -I../Drivers/CMSIS/DSP/Include -Oz -ffunction-sections -fdata-sections -Wall -fstack-usage -fcyclomatic-complexity -MMD -MP -MF"Drivers/STM32G4xx_HAL_Driver/Src/stm32g4xx_hal_exti.d" -MT"Drivers/STM32G4xx_HAL_Driver/Src/stm32g4xx_hal_exti.o" --specs=nano.specs -mfpu=fpv4-sp-d16 -mfloat-abi=hard -mthumb -o "Drivers/STM32G4xx_HAL_Driver/Src/stm32g4xx_hal_exti.o"
arm-none-eabi-gcc "../Drivers/STM32G4xx_HAL_Driver/Src/stm32g4xx_hal_flash.c" -mcpu=cortex-m4 -std=gnu11 -g3 -DDEBUG -DARM_MATH_CM4 -DUSE_HAL_DRIVER -DSTM32G473xx -c -I../Core/Inc -I../Drivers/STM32G4xx_HAL_Driver/Inc -I../Drivers/STM32G4xx_HAL_Driver/Inc/Legacy -I../Drivers/CMSIS/Device/ST/STM32G4xx/Include -I../Drivers/CMSIS/Include -I../Drivers/CMSIS/DSP/Include -Oz -ffunction-sections -fdata-sections -Wall -fstack-usage -fcyclomatic-complexity -MMD -MP -MF"Drivers/STM32G4xx_HAL_Driver/Src/stm32g4xx_hal_flash.d" -MT"Drivers/STM32G4xx_HAL_Driver/Src/stm32g4xx_hal_flash.o" --specs=nano.specs -mfpu=fpv4-sp-d16 -mfloat-abi=hard -mthumb -o "Drivers/STM32G4xx_HAL_Driver/Src/stm32g4xx_hal_flash.o"
arm-none-eabi-gcc "../Drivers/STM32G4xx_HAL_Driver/Src/stm32g4xx_hal_flash_ex.c" -mcpu=cortex-m4 -std=gnu11 -g3 -DDEBUG -DARM_MATH_CM4 -DUSE_HAL_DRIVER -DSTM32G473xx -c -I../Core/Inc -I../Drivers/STM32G4xx_HAL_Driver/Inc -I../Drivers/STM32G4xx_HAL_Driver/Inc/Legacy -I../Drivers/CMSIS/Device/ST/STM32G4xx/Include -I../Drivers/CMSIS/Include -I../Drivers/CMSIS/DSP/Include -Oz -ffunction-sections -fdata-sections -Wall -fstack-usage -fcyclomatic-complexity -MMD -MP -MF"Drivers/STM32G4xx_HAL_Driver/Src/stm32g4xx_hal_flash_ex.d" -MT"Drivers/STM32G4xx_HAL_Driver/Src/stm32g4xx_hal_flash_ex.o" --specs=nano.specs -mfpu=fpv4-sp-d16 -mfloat-abi=hard -mthumb -o "Drivers/STM32G4xx_HAL_Driver/Src/stm32g4xx_hal_flash_ex.o"
arm-none-eabi-gcc "../Drivers/STM32G4xx_HAL_Driver/Src/stm32g4xx_hal_flash_ramfunc.c" -mcpu=cortex-m4 -std=gnu11 -g3 -DDEBUG -DARM_MATH_CM4 -DUSE_HAL_DRIVER -DSTM32G473xx -c -I../Core/Inc -I../Drivers/STM32G4xx_HAL_Driver/Inc -I../Drivers/STM32G4xx_HAL_Driver/Inc/Legacy -I../Drivers/CMSIS/Device/ST/STM32G4xx/Include -I../Drivers/CMSIS/Include -I../Drivers/CMSIS/DSP/Include -Oz -ffunction-sections -fdata-sections -Wall -fstack-usage -fcyclomatic-complexity -MMD -MP -MF"Drivers/STM32G4xx_HAL_Driver/Src/stm32g4xx_hal_flash_ramfunc.d" -MT"Drivers/STM32G4xx_HAL_Driver/Src/stm32g4xx_hal_flash_ramfunc.o" --specs=nano.specs -mfpu=fpv4-sp-d16 -mfloat-abi=hard -mthumb -o "Drivers/STM32G4xx_HAL_Driver/Src/stm32g4xx_hal_flash_ramfunc.o"
arm-none-eabi-gcc "../Drivers/STM32G4xx_HAL_Driver/Src/stm32g4xx_hal_gpio.c" -mcpu=cortex-m4 -std=gnu11 -g3 -DDEBUG -DARM_MATH_CM4 -DUSE_HAL_DRIVER -DSTM32G473xx -c -I../Core/Inc -I../Drivers/STM32G4xx_HAL_Driver/Inc -I../Drivers/STM32G4xx_HAL_Driver/Inc/Legacy -I../Drivers/CMSIS/Device/ST/STM32G4xx/Include -I../Drivers/CMSIS/Include -I../Drivers/CMSIS/DSP/Include -Oz -ffunction-sections -fdata-sections -Wall -fstack-usage -fcyclomatic-complexity -MMD -MP -MF"Drivers/STM32G4xx_HAL_Driver/Src/stm32g4xx_hal_gpio.d" -MT"Drivers/STM32G4xx_HAL_Driver/Src/stm32g4xx_hal_gpio.o" --specs=nano.specs -mfpu=fpv4-sp-d16 -mfloat-abi=hard -mthumb -o "Drivers/STM32G4xx_HAL_Driver/Src/stm32g4xx_hal_gpio.o"
arm-none-eabi-gcc "../Drivers/STM32G4xx_HAL_Driver/Src/stm32g4xx_hal_opamp.c" -mcpu=cortex-m4 -std=gnu11 -g3 -DDEBUG -DARM_MATH_CM4 -DUSE_HAL_DRIVER -DSTM32G473xx -c -I../Core/Inc -I../Drivers/STM32G4xx_HAL_Driver/Inc -I../Drivers/STM32G4xx_HAL_Driver/Inc/Legacy -I../Drivers/CMSIS/Device/ST/STM32G4xx/Include -I../Drivers/CMSIS/Include -I../Drivers/CMSIS/DSP/Include -Oz -ffunction-sections -fdata-sections -Wall -fstack-usage -fcyclomatic-complexity -MMD -MP -MF"Drivers/STM32G4xx_HAL_Driver/Src/stm32g4xx_hal_opamp.d" -MT"Drivers/STM32G4xx_HAL_Driver/Src/stm32g4xx_hal_opamp.o" --specs=nano.specs -mfpu=fpv4-sp-d16 -mfloat-abi=hard -mthumb -o "Drivers/STM32G4xx_HAL_Driver/Src/stm32g4xx_hal_opamp.o"
arm-none-eabi-gcc "../Drivers/STM32G4xx_HAL_Driver/Src/stm32g4xx_hal_opamp_ex.c" -mcpu=cortex-m4 -std=gnu11 -g3 -DDEBUG -DARM_MATH_CM4 -DUSE_HAL_DRIVER -DSTM32G473xx -c -I../Core/Inc -I../Drivers/STM32G4xx_HAL_Driver/Inc -I../Drivers/STM32G4xx_HAL_Driver/Inc/Legacy -I../Drivers/CMSIS/Device/ST/STM32G4xx/Include -I../Drivers/CMSIS/Include -I../Drivers/CMSIS/DSP/Include -Oz -ffunction-sections -fdata-sections -Wall -fstack-usage -fcyclomatic-complexity -MMD -MP -MF"Drivers/STM32G4xx_HAL_Driver/Src/stm32g4xx_hal_opamp_ex.d" -MT"Drivers/STM32G4xx_HAL_Driver/Src/stm32g4xx_hal_opamp_ex.o" --specs=nano.specs -mfpu=fpv4-sp-d16 -mfloat-abi=hard -mthumb -o "Drivers/STM32G4xx_HAL_Driver/Src/stm32g4xx_hal_opamp_ex.o"
arm-none-eabi-gcc "../Drivers/STM32G4xx_HAL_Driver/Src/stm32g4xx_hal_pwr.c" -mcpu=cortex-m4 -std=gnu11 -g3 -DDEBUG -DARM_MATH_CM4 -DUSE_HAL_DRIVER -DSTM32G473xx -c -I../Core/Inc -I../Drivers/STM32G4xx_HAL_Driver/Inc -I../Drivers/STM32G4xx_HAL_Driver/Inc/Legacy -I../Drivers/CMSIS/Device/ST/STM32G4xx/Include -I../Drivers/CMSIS/Include -I../Drivers/CMSIS/DSP/Include -Oz -ffunction-sections -fdata-sections -Wall -fstack-usage -fcyclomatic-complexity -MMD -MP -MF"Drivers/STM32G4xx_HAL_Driver/Src/stm32g4xx_hal_pwr.d" -MT"Drivers/STM32G4xx_HAL_Driver/Src/stm32g4xx_hal_pwr.o" --specs=nano.specs -mfpu=fpv4-sp-d16 -mfloat-abi=hard -mthumb -o "Drivers/STM32G4xx_HAL_Driver/Src/stm32g4xx_hal_pwr.o"
arm-none-eabi-gcc "../Drivers/STM32G4xx_HAL_Driver/Src/stm32g4xx_hal_pwr_ex.c" -mcpu=cortex-m4 -std=gnu11 -g3 -DDEBUG -DARM_MATH_CM4 -DUSE_HAL_DRIVER -DSTM32G473xx -c -I../Core/Inc -I../Drivers/STM32G4xx_HAL_Driver/Inc -I../Drivers/STM32G4xx_HAL_Driver/Inc/Legacy -I../Drivers/CMSIS/Device/ST/STM32G4xx/Include -I../Drivers/CMSIS/Include -I../Drivers/CMSIS/DSP/Include -Oz -ffunction-sections -fdata-sections -Wall -fstack-usage -fcyclomatic-complexity -MMD -MP -MF"Drivers/STM32G4xx_HAL_Driver/Src/stm32g4xx_hal_pwr_ex.d" -MT"Drivers/STM32G4xx_HAL_Driver/Src/stm32g4xx_hal_pwr_ex.o" --specs=nano.specs -mfpu=fpv4-sp-d16 -mfloat-abi=hard -mthumb -o "Drivers/STM32G4xx_HAL_Driver/Src/stm32g4xx_hal_pwr_ex.o"
arm-none-eabi-gcc "../Drivers/STM32G4xx_HAL_Driver/Src/stm32g4xx_hal_rcc.c" -mcpu=cortex-m4 -std=gnu11 -g3 -DDEBUG -DARM_MATH_CM4 -DUSE_HAL_DRIVER -DSTM32G473xx -c -I../Core/Inc -I../Drivers/STM32G4xx_HAL_Driver/Inc -I../Drivers/STM32G4xx_HAL_Driver/Inc/Legacy -I../Drivers/CMSIS/Device/ST/STM32G4xx/Include -I../Drivers/CMSIS/Include -I../Drivers/CMSIS/DSP/Include -Oz -ffunction-sections -fdata-sections -Wall -fstack-usage -fcyclomatic-complexity -MMD -MP -MF"Drivers/STM32G4xx_HAL_Driver/Src/stm32g4xx_hal_rcc.d" -MT"Drivers/STM32G4xx_HAL_Driver/Src/stm32g4xx_hal_rcc.o" --specs=nano.specs -mfpu=fpv4-sp-d16 -mfloat-abi=hard -mthumb -o "Drivers/STM32G4xx_HAL_Driver/Src/stm32g4xx_hal_rcc.o"
arm-none-eabi-gcc "../Drivers/STM32G4xx_HAL_Driver/Src/stm32g4xx_hal_rcc_ex.c" -mcpu=cortex-m4 -std=gnu11 -g3 -DDEBUG -DARM_MATH_CM4 -DUSE_HAL_DRIVER -DSTM32G473xx -c -I../Core/Inc -I../Drivers/STM32G4xx_HAL_Driver/Inc -I../Drivers/STM32G4xx_HAL_Driver/Inc/Legacy -I../Drivers/CMSIS/Device/ST/STM32G4xx/Include -I../Drivers/CMSIS/Include -I../Drivers/CMSIS/DSP/Include -Oz -ffunction-sections -fdata-sections -Wall -fstack-usage -fcyclomatic-complexity -MMD -MP -MF"Drivers/STM32G4xx_HAL_Driver/Src/stm32g4xx_hal_rcc_ex.d" -MT"Drivers/STM32G4xx_HAL_Driver/Src/stm32g4xx_hal_rcc_ex.o" --specs=nano.specs -mfpu=fpv4-sp-d16 -mfloat-abi=hard -mthumb -o "Drivers/STM32G4xx_HAL_Driver/Src/stm32g4xx_hal_rcc_ex.o"
arm-none-eabi-gcc "../Drivers/STM32G4xx_HAL_Driver/Src/stm32g4xx_hal_spi.c" -mcpu=cortex-m4 -std=gnu11 -g3 -DDEBUG -DARM_MATH_CM4 -DUSE_HAL_DRIVER -DSTM32G473xx -c -I../Core/Inc -I../Drivers/STM32G4xx_HAL_Driver/Inc -I../Drivers/STM32G4xx_HAL_Driver/Inc/Legacy -I../Drivers/CMSIS/Device/ST/STM32G4xx/Include -I../Drivers/CMSIS/Include -I../Drivers/CMSIS/DSP/Include -Oz -ffunction-sections -fdata-sections -Wall -fstack-usage -fcyclomatic-complexity -MMD -MP -MF"Drivers/STM32G4xx_HAL_Driver/Src/stm32g4xx_hal_spi.d" -MT"Drivers/STM32G4xx_HAL_Driver/Src/stm32g4xx_hal_spi.o" --specs=nano.specs -mfpu=fpv4-sp-d16 -mfloat-abi=hard -mthumb -o "Drivers/STM32G4xx_HAL_Driver/Src/stm32g4xx_hal_spi.o"
arm-none-eabi-gcc "../Drivers/STM32G4xx_HAL_Driver/Src/stm32g4xx_hal_spi_ex.c" -mcpu=cortex-m4 -std=gnu11 -g3 -DDEBUG -DARM_MATH_CM4 -DUSE_HAL_DRIVER -DSTM32G473xx -c -I../Core/Inc -I../Drivers/STM32G4xx_HAL_Driver/Inc -I../Drivers/STM32G4xx_HAL_Driver/Inc/Legacy -I../Drivers/CMSIS/Device/ST/STM32G4xx/Include -I../Drivers/CMSIS/Include -I../Drivers/CMSIS/DSP/Include -Oz -ffunction-sections -fdata-sections -Wall -fstack-usage -fcyclomatic-complexity -MMD -MP -MF"Drivers/STM32G4xx_HAL_Driver/Src/stm32g4xx_hal_spi_ex.d" -MT"Drivers/STM32G4xx_HAL_Driver/Src/stm32g4xx_hal_spi_ex.o" --specs=nano.specs -mfpu=fpv4-sp-d16 -mfloat-abi=hard -mthumb -o "Drivers/STM32G4xx_HAL_Driver/Src/stm32g4xx_hal_spi_ex.o"
arm-none-eabi-gcc "../Drivers/STM32G4xx_HAL_Driver/Src/stm32g4xx_hal_tim.c" -mcpu=cortex-m4 -std=gnu11 -g3 -DDEBUG -DARM_MATH_CM4 -DUSE_HAL_DRIVER -DSTM32G473xx -c -I../Core/Inc -I../Drivers/STM32G4xx_HAL_Driver/Inc -I../Drivers/STM32G4xx_HAL_Driver/Inc/Legacy -I../Drivers/CMSIS/Device/ST/STM32G4xx/Include -I../Drivers/CMSIS/Include -I../Drivers/CMSIS/DSP/Include -Oz -ffunction-sections -fdata-sections -Wall -fstack-usage -fcyclomatic-complexity -MMD -MP -MF"Drivers/STM32G4xx_HAL_Driver/Src/stm32g4xx_hal_tim.d" -MT"Drivers/STM32G4xx_HAL_Driver/Src/stm32g4xx_hal_tim.o" --specs=nano.specs -mfpu=fpv4-sp-d16 -mfloat-abi=hard -mthumb -o "Drivers/STM32G4xx_HAL_Driver/Src/stm32g4xx_hal_tim.o"
arm-none-eabi-gcc "../Drivers/STM32G4xx_HAL_Driver/Src/stm32g4xx_hal_tim_ex.c" -mcpu=cortex-m4 -std=gnu11 -g3 -DDEBUG -DARM_MATH_CM4 -DUSE_HAL_DRIVER -DSTM32G473xx -c -I../Core/Inc -I../Drivers/STM32G4xx_HAL_Driver/Inc -I../Drivers/STM32G4xx_HAL_Driver/Inc/Legacy -I../Drivers/CMSIS/Device/ST/STM32G4xx/Include -I../Drivers/CMSIS/Include -I../Drivers/CMSIS/DSP/Include -Oz -ffunction-sections -fdata-sections -Wall -fstack-usage -fcyclomatic-complexity -MMD -MP -MF"Drivers/STM32G4xx_HAL_Driver/Src/stm32g4xx_hal_tim_ex.d" -MT"Drivers/STM32G4xx_HAL_Driver/Src/stm32g4xx_hal_tim_ex.o" --specs=nano.specs -mfpu=fpv4-sp-d16 -mfloat-abi=hard -mthumb -o "Drivers/STM32G4xx_HAL_Driver/Src/stm32g4xx_hal_tim_ex.o"
arm-none-eabi-gcc "../Drivers/STM32G4xx_HAL_Driver/Src/stm32g4xx_hal_uart.c" -mcpu=cortex-m4 -std=gnu11 -g3 -DDEBUG -DARM_MATH_CM4 -DUSE_HAL_DRIVER -DSTM32G473xx -c -I../Core/Inc -I../Drivers/STM32G4xx_HAL_Driver/Inc -I../Drivers/STM32G4xx_HAL_Driver/Inc/Legacy -I../Drivers/CMSIS/Device/ST/STM32G4xx/Include -I../Drivers/CMSIS/Include -I../Drivers/CMSIS/DSP/Include -Oz -ffunction-sections -fdata-sections -Wall -fstack-usage -fcyclomatic-complexity -MMD -MP -MF"Drivers/STM32G4xx_HAL_Driver/Src/stm32g4xx_hal_uart.d" -MT"Drivers/STM32G4xx_HAL_Driver/Src/stm32g4xx_hal_uart.o" --specs=nano.specs -mfpu=fpv4-sp-d16 -mfloat-abi=hard -mthumb -o "Drivers/STM32G4xx_HAL_Driver/Src/stm32g4xx_hal_uart.o"
arm-none-eabi-gcc "../Drivers/STM32G4xx_HAL_Driver/Src/stm32g4xx_hal_uart_ex.c" -mcpu=cortex-m4 -std=gnu11 -g3 -DDEBUG -DARM_MATH_CM4 -DUSE_HAL_DRIVER -DSTM32G473xx -c -I../Core/Inc -I../Drivers/STM32G4xx_HAL_Driver/Inc -I../Drivers/STM32G4xx_HAL_Driver/Inc/Legacy -I../Drivers/CMSIS/Device/ST/STM32G4xx/Include -I../Drivers/CMSIS/Include -I../Drivers/CMSIS/DSP/Include -Oz -ffunction-sections -fdata-sections -Wall -fstack-usage -fcyclomatic-complexity -MMD -MP -MF"Drivers/STM32G4xx_HAL_Driver/Src/stm32g4xx_hal_uart_ex.d" -MT"Drivers/STM32G4xx_HAL_Driver/Src/stm32g4xx_hal_uart_ex.o" --specs=nano.specs -mfpu=fpv4-sp-d16 -mfloat-abi=hard -mthumb -o "Drivers/STM32G4xx_HAL_Driver/Src/stm32g4xx_hal_uart_ex.o"
arm-none-eabi-gcc "../Drivers/STM32G4xx_HAL_Driver/Src/stm32g4xx_ll_adc.c" -mcpu=cortex-m4 -std=gnu11 -g3 -DDEBUG -DARM_MATH_CM4 -DUSE_HAL_DRIVER -DSTM32G473xx -c -I../Core/Inc -I../Drivers/STM32G4xx_HAL_Driver/Inc -I../Drivers/STM32G4xx_HAL_Driver/Inc/Legacy -I../Drivers/CMSIS/Device/ST/STM32G4xx/Include -I../Drivers/CMSIS/Include -I../Drivers/CMSIS/DSP/Include -Oz -ffunction-sections -fdata-sections -Wall -fstack-usage -fcyclomatic-complexity -MMD -MP -MF"Drivers/STM32G4xx_HAL_Driver/Src/stm32g4xx_ll_adc.d" -MT"Drivers/STM32G4xx_HAL_Driver/Src/stm32g4xx_ll_adc.o" --specs=nano.specs -mfpu=fpv4-sp-d16 -mfloat-abi=hard -mthumb -o "Drivers/STM32G4xx_HAL_Driver/Src/stm32g4xx_ll_adc.o"
arm-none-eabi-gcc "../Core/Src/main.c" -mcpu=cortex-m4 -std=gnu11 -g3 -DDEBUG -DARM_MATH_CM4 -DUSE_HAL_DRIVER -DSTM32G473xx -c -I../Core/Inc -I../Drivers/STM32G4xx_HAL_Driver/Inc -I../Drivers/STM32G4xx_HAL_Driver/Inc/Legacy -I../Drivers/CMSIS/Device/ST/STM32G4xx/Include -I../Drivers/CMSIS/Include -I../Drivers/CMSIS/DSP/Include -Oz -ffunction-sections -fdata-sections -Wall -fstack-usage -fcyclomatic-complexity -MMD -MP -MF"Core/Src/main.d" -MT"Core/Src/main.o" --specs=nano.specs -mfpu=fpv4-sp-d16 -mfloat-abi=hard -mthumb -o "Core/Src/main.o"
arm-none-eabi-gcc "../Core/Src/stm32g4xx_hal_msp.c" -mcpu=cortex-m4 -std=gnu11 -g3 -DDEBUG -DARM_MATH_CM4 -DUSE_HAL_DRIVER -DSTM32G473xx -c -I../Core/Inc -I../Drivers/STM32G4xx_HAL_Driver/Inc -I../Drivers/STM32G4xx_HAL_Driver/Inc/Legacy -I../Drivers/CMSIS/Device/ST/STM32G4xx/Include -I../Drivers/CMSIS/Include -I../Drivers/CMSIS/DSP/Include -Oz -ffunction-sections -fdata-sections -Wall -fstack-usage -fcyclomatic-complexity -MMD -MP -MF"Core/Src/stm32g4xx_hal_msp.d" -MT"Core/Src/stm32g4xx_hal_msp.o" --specs=nano.specs -mfpu=fpv4-sp-d16 -mfloat-abi=hard -mthumb -o "Core/Src/stm32g4xx_hal_msp.o"
arm-none-eabi-gcc "../Core/Src/stm32g4xx_it.c" -mcpu=cortex-m4 -std=gnu11 -g3 -DDEBUG -DARM_MATH_CM4 -DUSE_HAL_DRIVER -DSTM32G473xx -c -I../Core/Inc -I../Drivers/STM32G4xx_HAL_Driver/Inc -I../Drivers/STM32G4xx_HAL_Driver/Inc/Legacy -I../Drivers/CMSIS/Device/ST/STM32G4xx/Include -I../Drivers/CMSIS/Include -I../Drivers/CMSIS/DSP/Include -Oz -ffunction-sections -fdata-sections -Wall -fstack-usage -fcyclomatic-complexity -MMD -MP -MF"Core/Src/stm32g4xx_it.d" -MT"Core/Src/stm32g4xx_it.o" --specs=nano.specs -mfpu=fpv4-sp-d16 -mfloat-abi=hard -mthumb -o "Core/Src/stm32g4xx_it.o"
arm-none-eabi-gcc "../Core/Src/syscalls.c" -mcpu=cortex-m4 -std=gnu11 -g3 -DDEBUG -DARM_MATH_CM4 -DUSE_HAL_DRIVER -DSTM32G473xx -c -I../Core/Inc -I../Drivers/STM32G4xx_HAL_Driver/Inc -I../Drivers/STM32G4xx_HAL_Driver/Inc/Legacy -I../Drivers/CMSIS/Device/ST/STM32G4xx/Include -I../Drivers/CMSIS/Include -I../Drivers/CMSIS/DSP/Include -Oz -ffunction-sections -fdata-sections -Wall -fstack-usage -fcyclomatic-complexity -MMD -MP -MF"Core/Src/syscalls.d" -MT"Core/Src/syscalls.o" --specs=nano.specs -mfpu=fpv4-sp-d16 -mfloat-abi=hard -mthumb -o "Core/Src/syscalls.o"
arm-none-eabi-gcc "../Core/Src/sysmem.c" -mcpu=cortex-m4 -std=gnu11 -g3 -DDEBUG -DARM_MATH_CM4 -DUSE_HAL_DRIVER -DSTM32G473xx -c -I../Core/Inc -I../Drivers/STM32G4xx_HAL_Driver/Inc -I../Drivers/STM32G4xx_HAL_Driver/Inc/Legacy -I../Drivers/CMSIS/Device/ST/STM32G4xx/Include -I../Drivers/CMSIS/Include -I../Drivers/CMSIS/DSP/Include -Oz -ffunction-sections -fdata-sections -Wall -fstack-usage -fcyclomatic-complexity -MMD -MP -MF"Core/Src/sysmem.d" -MT"Core/Src/sysmem.o" --specs=nano.specs -mfpu=fpv4-sp-d16 -mfloat-abi=hard -mthumb -o "Core/Src/sysmem.o"
arm-none-eabi-gcc "../Core/Src/system_stm32g4xx.c" -mcpu=cortex-m4 -std=gnu11 -g3 -DDEBUG -DARM_MATH_CM4 -DUSE_HAL_DRIVER -DSTM32G473xx -c -I../Core/Inc -I../Drivers/STM32G4xx_HAL_Driver/Inc -I../Drivers/STM32G4xx_HAL_Driver/Inc/Legacy -I../Drivers/CMSIS/Device/ST/STM32G4xx/Include -I../Drivers/CMSIS/Include -I../Drivers/CMSIS/DSP/Include -Oz -ffunction-sections -fdata-sections -Wall -fstack-usage -fcyclomatic-complexity -MMD -MP -MF"Core/Src/system_stm32g4xx.d" -MT"Core/Src/system_stm32g4xx.o" --specs=nano.specs -mfpu=fpv4-sp-d16 -mfloat-abi=hard -mthumb -o "Core/Src/system_stm32g4xx.o"
../Core/Src/main.c: In function 'Process_HalfBuffer':
../Core/Src/main.c:1696:19: warning: 'integerBuffer' may be used uninitialized [-Wmaybe-uninitialized]
 1696 |         uint16_t* integerBuffer;
      |                   ^~~~~~~~~~~~~
arm-none-eabi-gcc -o "test.elf" @"objects.list"  -larm_cortexM4lf_math -mcpu=cortex-m4 -T"C:\Users\peter\OneDrive\Documents\IEEEMTTSCode\PhasedArrayRadar_IEEE_MTTS\STM32_Code\tutorial\test\STM32G473QETX_FLASH.ld" --specs=nosys.specs -Wl,-Map="test.map" -Wl,--gc-sections -static -L../Drivers/CMSIS/Lib/GCC --specs=nano.specs -mfpu=fpv4-sp-d16 -mfloat-abi=hard -mthumb -u _printf_float -Wl,--start-group -lc -lm -Wl,--end-group
C:/ST/STM32CubeIDE_1.18.0/STM32CubeIDE/plugins/com.st.stm32cube.ide.mcu.externaltools.gnu-tools-for-stm32.13.3.rel1.win32_1.0.0.202411081344/tools/bin/../lib/gcc/arm-none-eabi/13.3.1/../../../../arm-none-eabi/bin/ld.exe: test.elf section `.bss' will not fit in region `RAM'
C:/ST/STM32CubeIDE_1.18.0/STM32CubeIDE/plugins/com.st.stm32cube.ide.mcu.externaltools.gnu-tools-for-stm32.13.3.rel1.win32_1.0.0.202411081344/tools/bin/../lib/gcc/arm-none-eabi/13.3.1/../../../../arm-none-eabi/bin/ld.exe: region `RAM' overflowed by 36880 bytes
collect2.exe: error: ld returned 1 exit status
make: *** [makefile:64: test.elf] Error 1
"make -j22 all" terminated with exit code 2. Build might be incomplete.
21:54:24 **** Incremental Build of configuration Debug for project test ****
make -j22 all 
arm-none-eabi-gcc "../Core/Src/main.c" -mcpu=cortex-m4 -std=gnu11 -g3 -DDEBUG -DARM_MATH_CM4 -DUSE_HAL_DRIVER -DSTM32G473xx -c -I../Core/Inc -I../Drivers/STM32G4xx_HAL_Driver/Inc -I../Drivers/STM32G4xx_HAL_Driver/Inc/Legacy -I../Drivers/CMSIS/Device/ST/STM32G4xx/Include -I../Drivers/CMSIS/Include -I../Drivers/CMSIS/DSP/Include -Oz -ffunction-sections -fdata-sections -Wall -fstack-usage -fcyclomatic-complexity -MMD -MP -MF"Core/Src/main.d" -MT"Core/Src/main.o" --specs=nano.specs -mfpu=fpv4-sp-d16 -mfloat-abi=hard -mthumb -o "Core/Src/main.o"
../Core/Src/main.c: In function 'Process_HalfBuffer':
../Core/Src/main.c:1696:19: warning: 'integerBuffer' may be used uninitialized [-Wmaybe-uninitialized]
 1696 |         uint16_t* integerBuffer;
      |                   ^~~~~~~~~~~~~
arm-none-eabi-gcc -o "test.elf" @"objects.list"  -larm_cortexM4lf_math -mcpu=cortex-m4 -T"C:\Users\peter\OneDrive\Documents\IEEEMTTSCode\PhasedArrayRadar_IEEE_MTTS\STM32_Code\tutorial\test\STM32G473QETX_FLASH.ld" --specs=nosys.specs -Wl,-Map="test.map" -Wl,--gc-sections -static -L../Drivers/CMSIS/Lib/GCC --specs=nano.specs -mfpu=fpv4-sp-d16 -mfloat-abi=hard -mthumb -u _printf_float -Wl,--start-group -lc -lm -Wl,--end-group
C:/ST/STM32CubeIDE_1.18.0/STM32CubeIDE/plugins/com.st.stm32cube.ide.mcu.externaltools.gnu-tools-for-stm32.13.3.rel1.win32_1.0.0.202411081344/tools/bin/../lib/gcc/arm-none-eabi/13.3.1/../../../../arm-none-eabi/bin/ld.exe: test.elf section `.bss' will not fit in region `RAM'
C:/ST/STM32CubeIDE_1.18.0/STM32CubeIDE/plugins/com.st.stm32cube.ide.mcu.externaltools.gnu-tools-for-stm32.13.3.rel1.win32_1.0.0.202411081344/tools/bin/../lib/gcc/arm-none-eabi/13.3.1/../../../../arm-none-eabi/bin/ld.exe: region `RAM' overflowed by 36880 bytes
collect2.exe: error: ld returned 1 exit status
make: *** [makefile:64: test.elf] Error 1
"make -j22 all" terminated with exit code 2. Build might be incomplete.
22:04:22 **** Incremental Build of configuration Debug for project test ****
make -j22 all 
arm-none-eabi-gcc "../Core/Src/main.c" -mcpu=cortex-m4 -std=gnu11 -g3 -DDEBUG -DARM_MATH_CM4 -DUSE_HAL_DRIVER -DSTM32G473xx -c -I../Core/Inc -I../Drivers/STM32G4xx_HAL_Driver/Inc -I../Drivers/STM32G4xx_HAL_Driver/Inc/Legacy -I../Drivers/CMSIS/Device/ST/STM32G4xx/Include -I../Drivers/CMSIS/Include -I../Drivers/CMSIS/DSP/Include -Oz -ffunction-sections -fdata-sections -Wall -fstack-usage -fcyclomatic-complexity -MMD -MP -MF"Core/Src/main.d" -MT"Core/Src/main.o" --specs=nano.specs -mfpu=fpv4-sp-d16 -mfloat-abi=hard -mthumb -o "Core/Src/main.o"
../Core/Src/main.c: In function 'Process_HalfBuffer':
../Core/Src/main.c:1696:19: warning: 'integerBuffer' may be used uninitialized [-Wmaybe-uninitialized]
 1696 |         uint16_t* integerBuffer;
      |                   ^~~~~~~~~~~~~
arm-none-eabi-gcc -o "test.elf" @"objects.list"  -larm_cortexM4lf_math -mcpu=cortex-m4 -T"C:\Users\peter\OneDrive\Documents\IEEEMTTSCode\PhasedArrayRadar_IEEE_MTTS\STM32_Code\tutorial\test\STM32G473QETX_FLASH.ld" --specs=nosys.specs -Wl,-Map="test.map" -Wl,--gc-sections -static -L../Drivers/CMSIS/Lib/GCC --specs=nano.specs -mfpu=fpv4-sp-d16 -mfloat-abi=hard -mthumb -u _printf_float -Wl,--start-group -lc -lm -Wl,--end-group
Finished building target: test.elf
 
arm-none-eabi-size  test.elf 
arm-none-eabi-objdump -h -S test.elf  > "test.list"
   text	   data	    bss	    dec	    hex	filename
  40164	    468	  85564	 126196	  1ecf4	test.elf
Finished building: default.size.stdout
 
Finished building: test.list
 
22:04:57 **** Incremental Build of configuration Debug for project test ****
make -j22 all 
arm-none-eabi-size  test.elf 
   text	   data	    bss	    dec	    hex	filename
  40164	    468	  85564	 126196	  1ecf4	test.elf
Finished building: default.size.stdout
 
22:05:41 **** Incremental Build of configuration Debug for project test ****
make -j22 all 
arm-none-eabi-size  test.elf 
   text	   data	    bss	    dec	    hex	filename
  40164	    468	  85564	 126196	  1ecf4	test.elf
Finished building: default.size.stdout
 
22:06:44 **** Incremental Build of configuration Debug for project test ****
make -j22 all 
arm-none-eabi-size  test.elf 
   text	   data	    bss	    dec	    hex	filename
  40164	    468	  85564	 126196	  1ecf4	test.elf
Finished building: default.size.stdout
 
22:06:57 **** Incremental Build of configuration Debug for project test ****
make -j22 all 
arm-none-eabi-size  test.elf 
   text	   data	    bss	    dec	    hex	filename
  40164	    468	  85564	 126196	  1ecf4	test.elf
Finished building: default.size.stdout
 
22:09:08 **** Incremental Build of configuration Debug for project test ****
make -j22 all 
arm-none-eabi-gcc "../Core/Src/main.c" -mcpu=cortex-m4 -std=gnu11 -g3 -DDEBUG -DARM_MATH_CM4 -DUSE_HAL_DRIVER -DSTM32G473xx -c -I../Core/Inc -I../Drivers/STM32G4xx_HAL_Driver/Inc -I../Drivers/STM32G4xx_HAL_Driver/Inc/Legacy -I../Drivers/CMSIS/Device/ST/STM32G4xx/Include -I../Drivers/CMSIS/Include -I../Drivers/CMSIS/DSP/Include -Oz -ffunction-sections -fdata-sections -Wall -fstack-usage -fcyclomatic-complexity -MMD -MP -MF"Core/Src/main.d" -MT"Core/Src/main.o" --specs=nano.specs -mfpu=fpv4-sp-d16 -mfloat-abi=hard -mthumb -o "Core/Src/main.o"
../Core/Src/main.c: In function 'Process_HalfBuffer':
../Core/Src/main.c:1696:19: warning: 'integerBuffer' may be used uninitialized [-Wmaybe-uninitialized]
 1696 |         uint16_t* integerBuffer;
      |                   ^~~~~~~~~~~~~
arm-none-eabi-gcc -o "test.elf" @"objects.list"  -larm_cortexM4lf_math -mcpu=cortex-m4 -T"C:\Users\peter\OneDrive\Documents\IEEEMTTSCode\PhasedArrayRadar_IEEE_MTTS\STM32_Code\tutorial\test\STM32G473QETX_FLASH.ld" --specs=nosys.specs -Wl,-Map="test.map" -Wl,--gc-sections -static -L../Drivers/CMSIS/Lib/GCC --specs=nano.specs -mfpu=fpv4-sp-d16 -mfloat-abi=hard -mthumb -u _printf_float -Wl,--start-group -lc -lm -Wl,--end-group
Finished building target: test.elf
 
arm-none-eabi-size  test.elf 
arm-none-eabi-objdump -h -S test.elf  > "test.list"
   text	   data	    bss	    dec	    hex	filename
 118484	    468	  85564	 204516	  31ee4	test.elf
Finished building: default.size.stdout
 
Finished building: test.list
 
22:20:16 **** Incremental Build of configuration Debug for project test ****
make -j22 all 
arm-none-eabi-gcc "../Core/Src/main.c" -mcpu=cortex-m4 -std=gnu11 -g3 -DDEBUG -DARM_MATH_CM4 -DUSE_HAL_DRIVER -DSTM32G473xx -c -I../Core/Inc -I../Drivers/STM32G4xx_HAL_Driver/Inc -I../Drivers/STM32G4xx_HAL_Driver/Inc/Legacy -I../Drivers/CMSIS/Device/ST/STM32G4xx/Include -I../Drivers/CMSIS/Include -I../Drivers/CMSIS/DSP/Include -Oz -ffunction-sections -fdata-sections -Wall -fstack-usage -fcyclomatic-complexity -MMD -MP -MF"Core/Src/main.d" -MT"Core/Src/main.o" --specs=nano.specs -mfpu=fpv4-sp-d16 -mfloat-abi=hard -mthumb -o "Core/Src/main.o"
../Core/Src/main.c: In function 'main':
../Core/Src/main.c:308:50: warning: format '%u' expects argument of type 'unsigned int', but argument 3 has type 'double' [-Wformat=]
  308 |                         sprintf(bufferNumbers, "%u,%u\r\n", fftBufOutADC1[j], fftBufOutADC1[j + 1]);
      |                                                 ~^          ~~~~~~~~~~~~~~~~
      |                                                  |                       |
      |                                                  unsigned int            double
      |                                                 %f
../Core/Src/main.c:308:53: warning: format '%u' expects argument of type 'unsigned int', but argument 4 has type 'double' [-Wformat=]
  308 |                         sprintf(bufferNumbers, "%u,%u\r\n", fftBufOutADC1[j], fftBufOutADC1[j + 1]);
      |                                                    ~^                         ~~~~~~~~~~~~~~~~~~~~
      |                                                     |                                      |
      |                                                     unsigned int                           double
      |                                                    %f
../Core/Src/main.c: In function 'Process_HalfBuffer':
../Core/Src/main.c:1705:19: warning: 'integerBuffer' may be used uninitialized [-Wmaybe-uninitialized]
 1705 |         uint16_t* integerBuffer;
      |                   ^~~~~~~~~~~~~
arm-none-eabi-gcc -o "test.elf" @"objects.list"  -larm_cortexM4lf_math -mcpu=cortex-m4 -T"C:\Users\peter\OneDrive\Documents\IEEEMTTSCode\PhasedArrayRadar_IEEE_MTTS\STM32_Code\tutorial\test\STM32G473QETX_FLASH.ld" --specs=nosys.specs -Wl,-Map="test.map" -Wl,--gc-sections -static -L../Drivers/CMSIS/Lib/GCC --specs=nano.specs -mfpu=fpv4-sp-d16 -mfloat-abi=hard -mthumb -u _printf_float -Wl,--start-group -lc -lm -Wl,--end-group
Finished building target: test.elf
 
arm-none-eabi-size  test.elf 
arm-none-eabi-objdump -h -S test.elf  > "test.list"
   text	   data	    bss	    dec	    hex	filename
 119660	    468	  85564	 205692	  3237c	test.elf
Finished building: default.size.stdout
 
Finished building: test.list
 
22:21:15 **** Incremental Build of configuration Debug for project test ****
make -j22 all 
arm-none-eabi-gcc "../Core/Src/main.c" -mcpu=cortex-m4 -std=gnu11 -g3 -DDEBUG -DARM_MATH_CM4 -DUSE_HAL_DRIVER -DSTM32G473xx -c -I../Core/Inc -I../Drivers/STM32G4xx_HAL_Driver/Inc -I../Drivers/STM32G4xx_HAL_Driver/Inc/Legacy -I../Drivers/CMSIS/Device/ST/STM32G4xx/Include -I../Drivers/CMSIS/Include -I../Drivers/CMSIS/DSP/Include -Oz -ffunction-sections -fdata-sections -Wall -fstack-usage -fcyclomatic-complexity -MMD -MP -MF"Core/Src/main.d" -MT"Core/Src/main.o" --specs=nano.specs -mfpu=fpv4-sp-d16 -mfloat-abi=hard -mthumb -o "Core/Src/main.o"
../Core/Src/main.c: In function 'Process_HalfBuffer':
../Core/Src/main.c:1705:19: warning: 'integerBuffer' may be used uninitialized [-Wmaybe-uninitialized]
 1705 |         uint16_t* integerBuffer;
      |                   ^~~~~~~~~~~~~
arm-none-eabi-gcc -o "test.elf" @"objects.list"  -larm_cortexM4lf_math -mcpu=cortex-m4 -T"C:\Users\peter\OneDrive\Documents\IEEEMTTSCode\PhasedArrayRadar_IEEE_MTTS\STM32_Code\tutorial\test\STM32G473QETX_FLASH.ld" --specs=nosys.specs -Wl,-Map="test.map" -Wl,--gc-sections -static -L../Drivers/CMSIS/Lib/GCC --specs=nano.specs -mfpu=fpv4-sp-d16 -mfloat-abi=hard -mthumb -u _printf_float -Wl,--start-group -lc -lm -Wl,--end-group
Finished building target: test.elf
 
arm-none-eabi-size  test.elf 
arm-none-eabi-objdump -h -S test.elf  > "test.list"
   text	   data	    bss	    dec	    hex	filename
 119668	    468	  85564	 205700	  32384	test.elf
Finished building: default.size.stdout
 
Finished building: test.list
 
22:23:18 **** Incremental Build of configuration Debug for project test ****
make -j22 all 
arm-none-eabi-size  test.elf 
   text	   data	    bss	    dec	    hex	filename
 119668	    468	  85564	 205700	  32384	test.elf
Finished building: default.size.stdout
 
23:22:20 **** Incremental Build of configuration Debug for project test ****
make -j22 all 
arm-none-eabi-gcc "../Core/Src/main.c" -mcpu=cortex-m4 -std=gnu11 -g3 -DDEBUG -DARM_MATH_CM4 -DUSE_HAL_DRIVER -DSTM32G473xx -c -I../Core/Inc -I../Drivers/STM32G4xx_HAL_Driver/Inc -I../Drivers/STM32G4xx_HAL_Driver/Inc/Legacy -I../Drivers/CMSIS/Device/ST/STM32G4xx/Include -I../Drivers/CMSIS/Include -I../Drivers/CMSIS/DSP/Include -Oz -ffunction-sections -fdata-sections -Wall -fstack-usage -fcyclomatic-complexity -MMD -MP -MF"Core/Src/main.d" -MT"Core/Src/main.o" --specs=nano.specs -mfpu=fpv4-sp-d16 -mfloat-abi=hard -mthumb -o "Core/Src/main.o"
../Core/Src/main.c: In function 'MX_ADC1_Init':
../Core/Src/main.c:457:38: error: 'ADC_TWOSAMPLINGDELAY_1CYCLES' undeclared (first use in this function); did you mean 'ADC_TWOSAMPLINGDELAY_3CYCLES'?
  457 |   if (multimode.TwoSamplingDelay  == ADC_TWOSAMPLINGDELAY_1CYCLES)
      |                                      ^~~~~~~~~~~~~~~~~~~~~~~~~~~~
      |                                      ADC_TWOSAMPLINGDELAY_3CYCLES
../Core/Src/main.c:457:38: note: each undeclared identifier is reported only once for each function it appears in
make: *** [Core/Src/subdir.mk:34: Core/Src/main.o] Error 1
"make -j22 all" terminated with exit code 2. Build might be incomplete.
23:22:50 **** Incremental Build of configuration Debug for project test ****
make -j22 all 
arm-none-eabi-gcc "../Core/Src/main.c" -mcpu=cortex-m4 -std=gnu11 -g3 -DDEBUG -DARM_MATH_CM4 -DUSE_HAL_DRIVER -DSTM32G473xx -c -I../Core/Inc -I../Drivers/STM32G4xx_HAL_Driver/Inc -I../Drivers/STM32G4xx_HAL_Driver/Inc/Legacy -I../Drivers/CMSIS/Device/ST/STM32G4xx/Include -I../Drivers/CMSIS/Include -I../Drivers/CMSIS/DSP/Include -Oz -ffunction-sections -fdata-sections -Wall -fstack-usage -fcyclomatic-complexity -MMD -MP -MF"Core/Src/main.d" -MT"Core/Src/main.o" --specs=nano.specs -mfpu=fpv4-sp-d16 -mfloat-abi=hard -mthumb -o "Core/Src/main.o"
../Core/Src/main.c: In function 'Process_HalfBuffer':
../Core/Src/main.c:1773:19: warning: 'integerBuffer' may be used uninitialized [-Wmaybe-uninitialized]
 1773 |         uint16_t* integerBuffer;
      |                   ^~~~~~~~~~~~~
arm-none-eabi-gcc -o "test.elf" @"objects.list"  -larm_cortexM4lf_math -mcpu=cortex-m4 -T"C:\Users\peter\OneDrive\Documents\IEEEMTTSCode\PhasedArrayRadar_IEEE_MTTS\STM32_Code\tutorial\test\STM32G473QETX_FLASH.ld" --specs=nosys.specs -Wl,-Map="test.map" -Wl,--gc-sections -static -L../Drivers/CMSIS/Lib/GCC --specs=nano.specs -mfpu=fpv4-sp-d16 -mfloat-abi=hard -mthumb -u _printf_float -Wl,--start-group -lc -lm -Wl,--end-group
Finished building target: test.elf
 
arm-none-eabi-size  test.elf 
arm-none-eabi-objdump -h -S test.elf  > "test.list"
   text	   data	    bss	    dec	    hex	filename
 120012	    468	  85564	 206044	  324dc	test.elf
Finished building: default.size.stdout
 
Finished building: test.list
 
23:25:24 **** Incremental Build of configuration Debug for project test ****
make -j22 all 
arm-none-eabi-gcc "../Core/Src/main.c" -mcpu=cortex-m4 -std=gnu11 -g3 -DDEBUG -DARM_MATH_CM4 -DUSE_HAL_DRIVER -DSTM32G473xx -c -I../Core/Inc -I../Drivers/STM32G4xx_HAL_Driver/Inc -I../Drivers/STM32G4xx_HAL_Driver/Inc/Legacy -I../Drivers/CMSIS/Device/ST/STM32G4xx/Include -I../Drivers/CMSIS/Include -I../Drivers/CMSIS/DSP/Include -Oz -ffunction-sections -fdata-sections -Wall -fstack-usage -fcyclomatic-complexity -MMD -MP -MF"Core/Src/main.d" -MT"Core/Src/main.o" --specs=nano.specs -mfpu=fpv4-sp-d16 -mfloat-abi=hard -mthumb -o "Core/Src/main.o"
../Core/Src/main.c: In function 'Process_HalfBuffer':
../Core/Src/main.c:1773:19: warning: 'integerBuffer' may be used uninitialized [-Wmaybe-uninitialized]
 1773 |         uint16_t* integerBuffer;
      |                   ^~~~~~~~~~~~~
arm-none-eabi-gcc -o "test.elf" @"objects.list"  -larm_cortexM4lf_math -mcpu=cortex-m4 -T"C:\Users\peter\OneDrive\Documents\IEEEMTTSCode\PhasedArrayRadar_IEEE_MTTS\STM32_Code\tutorial\test\STM32G473QETX_FLASH.ld" --specs=nosys.specs -Wl,-Map="test.map" -Wl,--gc-sections -static -L../Drivers/CMSIS/Lib/GCC --specs=nano.specs -mfpu=fpv4-sp-d16 -mfloat-abi=hard -mthumb -u _printf_float -Wl,--start-group -lc -lm -Wl,--end-group
Finished building target: test.elf
 
arm-none-eabi-size  test.elf 
arm-none-eabi-objdump -h -S test.elf  > "test.list"
   text	   data	    bss	    dec	    hex	filename
 120012	    468	  85564	 206044	  324dc	test.elf
Finished building: default.size.stdout
 
Finished building: test.list
 
23:26:21 **** Incremental Build of configuration Debug for project test ****
make -j22 all 
arm-none-eabi-size  test.elf 
   text	   data	    bss	    dec	    hex	filename
 120012	    468	  85564	 206044	  324dc	test.elf
Finished building: default.size.stdout
 
23:28:51 **** Incremental Build of configuration Debug for project test ****
make -j22 all 
arm-none-eabi-gcc "../Core/Src/main.c" -mcpu=cortex-m4 -std=gnu11 -g3 -DDEBUG -DARM_MATH_CM4 -DUSE_HAL_DRIVER -DSTM32G473xx -c -I../Core/Inc -I../Drivers/STM32G4xx_HAL_Driver/Inc -I../Drivers/STM32G4xx_HAL_Driver/Inc/Legacy -I../Drivers/CMSIS/Device/ST/STM32G4xx/Include -I../Drivers/CMSIS/Include -I../Drivers/CMSIS/DSP/Include -Oz -ffunction-sections -fdata-sections -Wall -fstack-usage -fcyclomatic-complexity -MMD -MP -MF"Core/Src/main.d" -MT"Core/Src/main.o" --specs=nano.specs -mfpu=fpv4-sp-d16 -mfloat-abi=hard -mthumb -o "Core/Src/main.o"
../Core/Src/main.c: In function 'Process_HalfBuffer':
../Core/Src/main.c:1773:19: warning: 'integerBuffer' may be used uninitialized [-Wmaybe-uninitialized]
 1773 |         uint16_t* integerBuffer;
      |                   ^~~~~~~~~~~~~
arm-none-eabi-gcc -o "test.elf" @"objects.list"  -larm_cortexM4lf_math -mcpu=cortex-m4 -T"C:\Users\peter\OneDrive\Documents\IEEEMTTSCode\PhasedArrayRadar_IEEE_MTTS\STM32_Code\tutorial\test\STM32G473QETX_FLASH.ld" --specs=nosys.specs -Wl,-Map="test.map" -Wl,--gc-sections -static -L../Drivers/CMSIS/Lib/GCC --specs=nano.specs -mfpu=fpv4-sp-d16 -mfloat-abi=hard -mthumb -u _printf_float -Wl,--start-group -lc -lm -Wl,--end-group
Finished building target: test.elf
 
arm-none-eabi-size  test.elf 
arm-none-eabi-objdump -h -S test.elf  > "test.list"
   text	   data	    bss	    dec	    hex	filename
 120076	    468	  85564	 206108	  3251c	test.elf
Finished building: default.size.stdout
 
Finished building: test.list
 
23:30:58 **** Incremental Build of configuration Debug for project test ****
make -j22 all 
arm-none-eabi-size  test.elf 
   text	   data	    bss	    dec	    hex	filename
 120076	    468	  85564	 206108	  3251c	test.elf
Finished building: default.size.stdout
 
23:39:40 **** Incremental Build of configuration Debug for project test ****
make -j22 all 
arm-none-eabi-size  test.elf 
   text	   data	    bss	    dec	    hex	filename
 120076	    468	  85564	 206108	  3251c	test.elf
Finished building: default.size.stdout
 
23:40:27 **** Incremental Build of configuration Debug for project test ****
make -j22 all 
arm-none-eabi-size  test.elf 
   text	   data	    bss	    dec	    hex	filename
 120076	    468	  85564	 206108	  3251c	test.elf
Finished building: default.size.stdout
 
23:43:42 **** Incremental Build of configuration Debug for project test ****
make -j22 all 
arm-none-eabi-size  test.elf 
   text	   data	    bss	    dec	    hex	filename
 120076	    468	  85564	 206108	  3251c	test.elf
Finished building: default.size.stdout
 
23:48:32 **** Incremental Build of configuration Debug for project test ****
make -j22 all 
arm-none-eabi-gcc "../Core/Src/main.c" -mcpu=cortex-m4 -std=gnu11 -g3 -DDEBUG -DARM_MATH_CM4 -DUSE_HAL_DRIVER -DSTM32G473xx -c -I../Core/Inc -I../Drivers/STM32G4xx_HAL_Driver/Inc -I../Drivers/STM32G4xx_HAL_Driver/Inc/Legacy -I../Drivers/CMSIS/Device/ST/STM32G4xx/Include -I../Drivers/CMSIS/Include -I../Drivers/CMSIS/DSP/Include -Oz -ffunction-sections -fdata-sections -Wall -fstack-usage -fcyclomatic-complexity -MMD -MP -MF"Core/Src/main.d" -MT"Core/Src/main.o" --specs=nano.specs -mfpu=fpv4-sp-d16 -mfloat-abi=hard -mthumb -o "Core/Src/main.o"
../Core/Src/main.c: In function 'main':
../Core/Src/main.c:311:58: warning: format '%u' expects argument of type 'unsigned int', but argument 5 has type 'uint32_t' {aka 'long unsigned int'} [-Wformat=]
  311 |                         sprintf(bufferNumbers, "%lf,%lf,%u\r\n", fftBufOutADC1[j], fftBufOutADC1[j + 1], frequency);
      |                                                         ~^                                               ~~~~~~~~~
      |                                                          |                                               |
      |                                                          unsigned int                                    uint32_t {aka long unsigned int}
      |                                                         %lu
../Core/Src/main.c: In function 'Process_HalfBuffer':
../Core/Src/main.c:1773:19: warning: 'integerBuffer' may be used uninitialized [-Wmaybe-uninitialized]
 1773 |         uint16_t* integerBuffer;
      |                   ^~~~~~~~~~~~~
arm-none-eabi-gcc -o "test.elf" @"objects.list"  -larm_cortexM4lf_math -mcpu=cortex-m4 -T"C:\Users\peter\OneDrive\Documents\IEEEMTTSCode\PhasedArrayRadar_IEEE_MTTS\STM32_Code\tutorial\test\STM32G473QETX_FLASH.ld" --specs=nosys.specs -Wl,-Map="test.map" -Wl,--gc-sections -static -L../Drivers/CMSIS/Lib/GCC --specs=nano.specs -mfpu=fpv4-sp-d16 -mfloat-abi=hard -mthumb -u _printf_float -Wl,--start-group -lc -lm -Wl,--end-group
Finished building target: test.elf
 
arm-none-eabi-size  test.elf 
arm-none-eabi-objdump -h -S test.elf  > "test.list"
   text	   data	    bss	    dec	    hex	filename
 120012	    468	  85564	 206044	  324dc	test.elf
Finished building: default.size.stdout
 
Finished building: test.list
 
23:49:32 **** Incremental Build of configuration Debug for project test ****
make -j22 all 
arm-none-eabi-size  test.elf 
   text	   data	    bss	    dec	    hex	filename
 120012	    468	  85564	 206044	  324dc	test.elf
Finished building: default.size.stdout
 
20:21:06 **** Incremental Build of configuration Debug for project test ****
make -j22 all 
arm-none-eabi-gcc "../Core/Src/main.c" -mcpu=cortex-m4 -std=gnu11 -g3 -DDEBUG -DARM_MATH_CM4 -DUSE_HAL_DRIVER -DSTM32G473xx -c -I../Core/Inc -I../Drivers/STM32G4xx_HAL_Driver/Inc -I../Drivers/STM32G4xx_HAL_Driver/Inc/Legacy -I../Drivers/CMSIS/Device/ST/STM32G4xx/Include -I../Drivers/CMSIS/Include -I../Drivers/CMSIS/DSP/Include -Oz -ffunction-sections -fdata-sections -Wall -fstack-usage -fcyclomatic-complexity -MMD -MP -MF"Core/Src/main.d" -MT"Core/Src/main.o" --specs=nano.specs -mfpu=fpv4-sp-d16 -mfloat-abi=hard -mthumb -o "Core/Src/main.o"
../Core/Src/main.c: In function 'main':
../Core/Src/main.c:328:58: warning: format '%u' expects argument of type 'unsigned int', but argument 5 has type 'uint32_t' {aka 'long unsigned int'} [-Wformat=]
  328 |                         sprintf(bufferNumbers, "%lf,%lf,%u\r\n", fftBufOutADC1[j], fftBufOutADC1[j + 1], frequency);
      |                                                         ~^                                               ~~~~~~~~~
      |                                                          |                                               |
      |                                                          unsigned int                                    uint32_t {aka long unsigned int}
      |                                                         %lu
../Core/Src/main.c: In function 'Process_HalfBuffer':
../Core/Src/main.c:1793:19: warning: 'integerBuffer' may be used uninitialized [-Wmaybe-uninitialized]
 1793 |         uint16_t* integerBuffer;
      |                   ^~~~~~~~~~~~~
arm-none-eabi-gcc -o "test.elf" @"objects.list"  -larm_cortexM4lf_math -mcpu=cortex-m4 -T"C:\Users\peter\OneDrive\Documents\IEEEMTTSCode\PhasedArrayRadar_IEEE_MTTS\STM32_Code\tutorial\test\STM32G473QETX_FLASH.ld" --specs=nosys.specs -Wl,-Map="test.map" -Wl,--gc-sections -static -L../Drivers/CMSIS/Lib/GCC --specs=nano.specs -mfpu=fpv4-sp-d16 -mfloat-abi=hard -mthumb -u _printf_float -Wl,--start-group -lc -lm -Wl,--end-group
Finished building target: test.elf
 
arm-none-eabi-size  test.elf 
arm-none-eabi-objdump -h -S test.elf  > "test.list"
   text	   data	    bss	    dec	    hex	filename
 120052	    468	  85564	 206084	  32504	test.elf
Finished building: default.size.stdout
 
Finished building: test.list
 
20:22:52 **** Incremental Build of configuration Debug for project test ****
make -j22 all 
arm-none-eabi-gcc "../Core/Src/main.c" -mcpu=cortex-m4 -std=gnu11 -g3 -DDEBUG -DARM_MATH_CM4 -DUSE_HAL_DRIVER -DSTM32G473xx -c -I../Core/Inc -I../Drivers/STM32G4xx_HAL_Driver/Inc -I../Drivers/STM32G4xx_HAL_Driver/Inc/Legacy -I../Drivers/CMSIS/Device/ST/STM32G4xx/Include -I../Drivers/CMSIS/Include -I../Drivers/CMSIS/DSP/Include -Oz -ffunction-sections -fdata-sections -Wall -fstack-usage -fcyclomatic-complexity -MMD -MP -MF"Core/Src/main.d" -MT"Core/Src/main.o" --specs=nano.specs -mfpu=fpv4-sp-d16 -mfloat-abi=hard -mthumb -o "Core/Src/main.o"
../Core/Src/main.c: In function 'main':
../Core/Src/main.c:328:58: warning: format '%u' expects argument of type 'unsigned int', but argument 5 has type 'uint32_t' {aka 'long unsigned int'} [-Wformat=]
  328 |                         sprintf(bufferNumbers, "%lf,%lf,%u, %d\r\n", fftBufOutADC1[j],fftBufOutADC1[j + 1], frequency, j);
      |                                                         ~^                                                  ~~~~~~~~~
      |                                                          |                                                  |
      |                                                          unsigned int                                       uint32_t {aka long unsigned int}
      |                                                         %lu
../Core/Src/main.c: In function 'Process_HalfBuffer':
../Core/Src/main.c:1790:19: warning: 'integerBuffer' may be used uninitialized [-Wmaybe-uninitialized]
 1790 |         uint16_t* integerBuffer;
      |                   ^~~~~~~~~~~~~
arm-none-eabi-gcc -o "test.elf" @"objects.list"  -larm_cortexM4lf_math -mcpu=cortex-m4 -T"C:\Users\peter\OneDrive\Documents\IEEEMTTSCode\PhasedArrayRadar_IEEE_MTTS\STM32_Code\tutorial\test\STM32G473QETX_FLASH.ld" --specs=nosys.specs -Wl,-Map="test.map" -Wl,--gc-sections -static -L../Drivers/CMSIS/Lib/GCC --specs=nano.specs -mfpu=fpv4-sp-d16 -mfloat-abi=hard -mthumb -u _printf_float -Wl,--start-group -lc -lm -Wl,--end-group
Finished building target: test.elf
 
arm-none-eabi-size  test.elf 
arm-none-eabi-objdump -h -S test.elf  > "test.list"
   text	   data	    bss	    dec	    hex	filename
 120012	    468	  85564	 206044	  324dc	test.elf
Finished building: default.size.stdout
 
Finished building: test.list
 
20:25:50 **** Incremental Build of configuration Debug for project test ****
make -j22 all 
arm-none-eabi-gcc "../Core/Src/main.c" -mcpu=cortex-m4 -std=gnu11 -g3 -DDEBUG -DARM_MATH_CM4 -DUSE_HAL_DRIVER -DSTM32G473xx -c -I../Core/Inc -I../Drivers/STM32G4xx_HAL_Driver/Inc -I../Drivers/STM32G4xx_HAL_Driver/Inc/Legacy -I../Drivers/CMSIS/Device/ST/STM32G4xx/Include -I../Drivers/CMSIS/Include -I../Drivers/CMSIS/DSP/Include -Oz -ffunction-sections -fdata-sections -Wall -fstack-usage -fcyclomatic-complexity -MMD -MP -MF"Core/Src/main.d" -MT"Core/Src/main.o" --specs=nano.specs -mfpu=fpv4-sp-d16 -mfloat-abi=hard -mthumb -o "Core/Src/main.o"
../Core/Src/main.c: In function 'main':
../Core/Src/main.c:328:58: warning: format '%u' expects argument of type 'unsigned int', but argument 5 has type 'uint32_t' {aka 'long unsigned int'} [-Wformat=]
  328 |                         sprintf(bufferNumbers, "%lf,%lf,%u, %d\r\n", fftBufOutADC1[j],fftBufOutADC1[j + 1], frequency, j);
      |                                                         ~^                                                  ~~~~~~~~~
      |                                                          |                                                  |
      |                                                          unsigned int                                       uint32_t {aka long unsigned int}
      |                                                         %lu
../Core/Src/main.c: In function 'Process_HalfBuffer':
../Core/Src/main.c:1790:19: warning: 'integerBuffer' may be used uninitialized [-Wmaybe-uninitialized]
 1790 |         uint16_t* integerBuffer;
      |                   ^~~~~~~~~~~~~
arm-none-eabi-gcc -o "test.elf" @"objects.list"  -larm_cortexM4lf_math -mcpu=cortex-m4 -T"C:\Users\peter\OneDrive\Documents\IEEEMTTSCode\PhasedArrayRadar_IEEE_MTTS\STM32_Code\tutorial\test\STM32G473QETX_FLASH.ld" --specs=nosys.specs -Wl,-Map="test.map" -Wl,--gc-sections -static -L../Drivers/CMSIS/Lib/GCC --specs=nano.specs -mfpu=fpv4-sp-d16 -mfloat-abi=hard -mthumb -u _printf_float -Wl,--start-group -lc -lm -Wl,--end-group
C:/ST/STM32CubeIDE_1.18.0/STM32CubeIDE/plugins/com.st.stm32cube.ide.mcu.externaltools.gnu-tools-for-stm32.13.3.rel1.win32_1.0.0.202411081344/tools/bin/../lib/gcc/arm-none-eabi/13.3.1/../../../../arm-none-eabi/bin/ld.exe: test.elf section `.bss' will not fit in region `RAM'
C:/ST/STM32CubeIDE_1.18.0/STM32CubeIDE/plugins/com.st.stm32cube.ide.mcu.externaltools.gnu-tools-for-stm32.13.3.rel1.win32_1.0.0.202411081344/tools/bin/../lib/gcc/arm-none-eabi/13.3.1/../../../../arm-none-eabi/bin/ld.exe: region `RAM' overflowed by 20496 bytes
collect2.exe: error: ld returned 1 exit status
make: *** [makefile:64: test.elf] Error 1
"make -j22 all" terminated with exit code 2. Build might be incomplete.
20:26:49 **** Incremental Build of configuration Debug for project test ****
make -j22 all 
arm-none-eabi-gcc "../Core/Src/main.c" -mcpu=cortex-m4 -std=gnu11 -g3 -DDEBUG -DARM_MATH_CM4 -DUSE_HAL_DRIVER -DSTM32G473xx -c -I../Core/Inc -I../Drivers/STM32G4xx_HAL_Driver/Inc -I../Drivers/STM32G4xx_HAL_Driver/Inc/Legacy -I../Drivers/CMSIS/Device/ST/STM32G4xx/Include -I../Drivers/CMSIS/Include -I../Drivers/CMSIS/DSP/Include -Oz -ffunction-sections -fdata-sections -Wall -fstack-usage -fcyclomatic-complexity -MMD -MP -MF"Core/Src/main.d" -MT"Core/Src/main.o" --specs=nano.specs -mfpu=fpv4-sp-d16 -mfloat-abi=hard -mthumb -o "Core/Src/main.o"
../Core/Src/main.c: In function 'main':
../Core/Src/main.c:328:58: warning: format '%u' expects argument of type 'unsigned int', but argument 5 has type 'uint32_t' {aka 'long unsigned int'} [-Wformat=]
  328 |                         sprintf(bufferNumbers, "%lf,%lf,%u, %d\r\n", fftBufOutADC1[j],fftBufOutADC1[j + 1], frequency, j);
      |                                                         ~^                                                  ~~~~~~~~~
      |                                                          |                                                  |
      |                                                          unsigned int                                       uint32_t {aka long unsigned int}
      |                                                         %lu
../Core/Src/main.c: In function 'Process_HalfBuffer':
../Core/Src/main.c:1790:19: warning: 'integerBuffer' may be used uninitialized [-Wmaybe-uninitialized]
 1790 |         uint16_t* integerBuffer;
      |                   ^~~~~~~~~~~~~
arm-none-eabi-gcc -o "test.elf" @"objects.list"  -larm_cortexM4lf_math -mcpu=cortex-m4 -T"C:\Users\peter\OneDrive\Documents\IEEEMTTSCode\PhasedArrayRadar_IEEE_MTTS\STM32_Code\tutorial\test\STM32G473QETX_FLASH.ld" --specs=nosys.specs -Wl,-Map="test.map" -Wl,--gc-sections -static -L../Drivers/CMSIS/Lib/GCC --specs=nano.specs -mfpu=fpv4-sp-d16 -mfloat-abi=hard -mthumb -u _printf_float -Wl,--start-group -lc -lm -Wl,--end-group
Finished building target: test.elf
 
arm-none-eabi-size  test.elf 
arm-none-eabi-objdump -h -S test.elf  > "test.list"
   text	   data	    bss	    dec	    hex	filename
 120012	    468	  77372	 197852	  304dc	test.elf
Finished building: default.size.stdout
 
Finished building: test.list
 
20:27:18 **** Incremental Build of configuration Debug for project test ****
make -j22 all 
arm-none-eabi-gcc "../Core/Src/main.c" -mcpu=cortex-m4 -std=gnu11 -g3 -DDEBUG -DARM_MATH_CM4 -DUSE_HAL_DRIVER -DSTM32G473xx -c -I../Core/Inc -I../Drivers/STM32G4xx_HAL_Driver/Inc -I../Drivers/STM32G4xx_HAL_Driver/Inc/Legacy -I../Drivers/CMSIS/Device/ST/STM32G4xx/Include -I../Drivers/CMSIS/Include -I../Drivers/CMSIS/DSP/Include -Oz -ffunction-sections -fdata-sections -Wall -fstack-usage -fcyclomatic-complexity -MMD -MP -MF"Core/Src/main.d" -MT"Core/Src/main.o" --specs=nano.specs -mfpu=fpv4-sp-d16 -mfloat-abi=hard -mthumb -o "Core/Src/main.o"
../Core/Src/main.c: In function 'main':
../Core/Src/main.c:328:58: warning: format '%u' expects argument of type 'unsigned int', but argument 5 has type 'uint32_t' {aka 'long unsigned int'} [-Wformat=]
  328 |                         sprintf(bufferNumbers, "%lf,%lf,%u, %d\r\n", fftBufOutADC1[j],fftBufOutADC1[j + 1], frequency, j);
      |                                                         ~^                                                  ~~~~~~~~~
      |                                                          |                                                  |
      |                                                          unsigned int                                       uint32_t {aka long unsigned int}
      |                                                         %lu
../Core/Src/main.c: In function 'Process_HalfBuffer':
../Core/Src/main.c:1790:19: warning: 'integerBuffer' may be used uninitialized [-Wmaybe-uninitialized]
 1790 |         uint16_t* integerBuffer;
      |                   ^~~~~~~~~~~~~
arm-none-eabi-gcc -o "test.elf" @"objects.list"  -larm_cortexM4lf_math -mcpu=cortex-m4 -T"C:\Users\peter\OneDrive\Documents\IEEEMTTSCode\PhasedArrayRadar_IEEE_MTTS\STM32_Code\tutorial\test\STM32G473QETX_FLASH.ld" --specs=nosys.specs -Wl,-Map="test.map" -Wl,--gc-sections -static -L../Drivers/CMSIS/Lib/GCC --specs=nano.specs -mfpu=fpv4-sp-d16 -mfloat-abi=hard -mthumb -u _printf_float -Wl,--start-group -lc -lm -Wl,--end-group
Finished building target: test.elf
 
arm-none-eabi-size  test.elf 
arm-none-eabi-objdump -h -S test.elf  > "test.list"
   text	   data	    bss	    dec	    hex	filename
 120012	    468	  77372	 197852	  304dc	test.elf
Finished building: default.size.stdout
 
Finished building: test.list
 
20:27:59 **** Incremental Build of configuration Debug for project test ****
make -j22 all 
arm-none-eabi-gcc "../Core/Src/main.c" -mcpu=cortex-m4 -std=gnu11 -g3 -DDEBUG -DARM_MATH_CM4 -DUSE_HAL_DRIVER -DSTM32G473xx -c -I../Core/Inc -I../Drivers/STM32G4xx_HAL_Driver/Inc -I../Drivers/STM32G4xx_HAL_Driver/Inc/Legacy -I../Drivers/CMSIS/Device/ST/STM32G4xx/Include -I../Drivers/CMSIS/Include -I../Drivers/CMSIS/DSP/Include -Oz -ffunction-sections -fdata-sections -Wall -fstack-usage -fcyclomatic-complexity -MMD -MP -MF"Core/Src/main.d" -MT"Core/Src/main.o" --specs=nano.specs -mfpu=fpv4-sp-d16 -mfloat-abi=hard -mthumb -o "Core/Src/main.o"
../Core/Src/main.c: In function 'main':
../Core/Src/main.c:328:58: warning: format '%u' expects argument of type 'unsigned int', but argument 5 has type 'uint32_t' {aka 'long unsigned int'} [-Wformat=]
  328 |                         sprintf(bufferNumbers, "%lf,%lf,%u, %d\r\n", fftBufOutADC1[j],fftBufOutADC1[j + 1], frequency, j);
      |                                                         ~^                                                  ~~~~~~~~~
      |                                                          |                                                  |
      |                                                          unsigned int                                       uint32_t {aka long unsigned int}
      |                                                         %lu
../Core/Src/main.c: In function 'Process_HalfBuffer':
../Core/Src/main.c:1790:19: warning: 'integerBuffer' may be used uninitialized [-Wmaybe-uninitialized]
 1790 |         uint16_t* integerBuffer;
      |                   ^~~~~~~~~~~~~
arm-none-eabi-gcc -o "test.elf" @"objects.list"  -larm_cortexM4lf_math -mcpu=cortex-m4 -T"C:\Users\peter\OneDrive\Documents\IEEEMTTSCode\PhasedArrayRadar_IEEE_MTTS\STM32_Code\tutorial\test\STM32G473QETX_FLASH.ld" --specs=nosys.specs -Wl,-Map="test.map" -Wl,--gc-sections -static -L../Drivers/CMSIS/Lib/GCC --specs=nano.specs -mfpu=fpv4-sp-d16 -mfloat-abi=hard -mthumb -u _printf_float -Wl,--start-group -lc -lm -Wl,--end-group
Finished building target: test.elf
 
arm-none-eabi-size  test.elf 
arm-none-eabi-objdump -h -S test.elf  > "test.list"
   text	   data	    bss	    dec	    hex	filename
 120012	    468	  77372	 197852	  304dc	test.elf
Finished building: default.size.stdout
 
Finished building: test.list
 
20:29:40 **** Incremental Build of configuration Debug for project test ****
make -j22 all 
arm-none-eabi-size  test.elf 
   text	   data	    bss	    dec	    hex	filename
 120012	    468	  77372	 197852	  304dc	test.elf
Finished building: default.size.stdout
 
20:31:36 **** Incremental Build of configuration Debug for project test ****
make -j22 all 
arm-none-eabi-size  test.elf 
   text	   data	    bss	    dec	    hex	filename
 120012	    468	  77372	 197852	  304dc	test.elf
Finished building: default.size.stdout
 
20:32:21 **** Incremental Build of configuration Debug for project test ****
make -j22 all 
arm-none-eabi-size  test.elf 
   text	   data	    bss	    dec	    hex	filename
 120012	    468	  77372	 197852	  304dc	test.elf
Finished building: default.size.stdout
 
20:32:53 **** Incremental Build of configuration Debug for project test ****
make -j22 all 
arm-none-eabi-size  test.elf 
   text	   data	    bss	    dec	    hex	filename
 120012	    468	  77372	 197852	  304dc	test.elf
Finished building: default.size.stdout
 
20:33:56 **** Incremental Build of configuration Debug for project test ****
make -j22 all 
arm-none-eabi-size  test.elf 
   text	   data	    bss	    dec	    hex	filename
 120012	    468	  77372	 197852	  304dc	test.elf
Finished building: default.size.stdout
 
20:34:48 **** Incremental Build of configuration Debug for project test ****
make -j22 all 
arm-none-eabi-size  test.elf 
   text	   data	    bss	    dec	    hex	filename
 120012	    468	  77372	 197852	  304dc	test.elf
Finished building: default.size.stdout
 
20:38:52 **** Incremental Build of configuration Debug for project test ****
make -j22 all 
arm-none-eabi-size  test.elf 
   text	   data	    bss	    dec	    hex	filename
 120012	    468	  77372	 197852	  304dc	test.elf
Finished building: default.size.stdout
 
20:39:35 **** Incremental Build of configuration Debug for project test ****
make -j22 all 
arm-none-eabi-size  test.elf 
   text	   data	    bss	    dec	    hex	filename
 120012	    468	  77372	 197852	  304dc	test.elf
Finished building: default.size.stdout
 
20:59:50 **** Incremental Build of configuration Debug for project test ****
make -j22 all 
arm-none-eabi-gcc -o "test.elf" @"objects.list"  -larm_cortexM4lf_math -mcpu=cortex-m4 -T"C:\Users\peter\OneDrive\Documents\IEEEMTTSCode\PhasedArrayRadar_IEEE_MTTS\STM32_Code\tutorial\test\STM32G473QETX_FLASH.ld" --specs=nosys.specs -Wl,-Map="test.map" -Wl,--gc-sections -static -L../Drivers/CMSIS/Lib/GCC --specs=nano.specs -mfpu=fpv4-sp-d16 -mfloat-abi=hard -mthumb -u _printf_float -Wl,--start-group -lc -lm -Wl,--end-group
Finished building target: test.elf
 
arm-none-eabi-size  test.elf 
arm-none-eabi-objdump -h -S test.elf  > "test.list"
   text	   data	    bss	    dec	    hex	filename
 120012	    468	  77372	 197852	  304dc	test.elf
Finished building: default.size.stdout
 
Finished building: test.list
 
21:04:03 **** Incremental Build of configuration Debug for project test ****
make -j22 all 
arm-none-eabi-gcc "../Core/Src/main.c" -mcpu=cortex-m4 -std=gnu11 -g3 -DDEBUG -DARM_MATH_CM4 -DUSE_HAL_DRIVER -DSTM32G473xx -c -I../Core/Inc -I../Drivers/STM32G4xx_HAL_Driver/Inc -I../Drivers/STM32G4xx_HAL_Driver/Inc/Legacy -I../Drivers/CMSIS/Device/ST/STM32G4xx/Include -I../Drivers/CMSIS/Include -I../Drivers/CMSIS/DSP/Include -Oz -ffunction-sections -fdata-sections -Wall -fstack-usage -fcyclomatic-complexity -MMD -MP -MF"Core/Src/main.d" -MT"Core/Src/main.o" --specs=nano.specs -mfpu=fpv4-sp-d16 -mfloat-abi=hard -mthumb -o "Core/Src/main.o"
../Core/Src/main.c: In function 'main':
../Core/Src/main.c:328:58: warning: format '%u' expects argument of type 'unsigned int', but argument 5 has type 'uint32_t' {aka 'long unsigned int'} [-Wformat=]
  328 |                         sprintf(bufferNumbers, "%lf,%lf,%u, %d\r\n", fftBufOutADC1[j],fftBufOutADC1[j + 1], frequency, j);
      |                                                         ~^                                                  ~~~~~~~~~
      |                                                          |                                                  |
      |                                                          unsigned int                                       uint32_t {aka long unsigned int}
      |                                                         %lu
../Core/Src/main.c: In function 'Process_HalfBuffer':
../Core/Src/main.c:1790:19: warning: 'integerBuffer' may be used uninitialized [-Wmaybe-uninitialized]
 1790 |         uint16_t* integerBuffer;
      |                   ^~~~~~~~~~~~~
arm-none-eabi-gcc -o "test.elf" @"objects.list"  -larm_cortexM4lf_math -mcpu=cortex-m4 -T"C:\Users\peter\OneDrive\Documents\IEEEMTTSCode\PhasedArrayRadar_IEEE_MTTS\STM32_Code\tutorial\test\STM32G473QETX_FLASH.ld" --specs=nosys.specs -Wl,-Map="test.map" -Wl,--gc-sections -static -L../Drivers/CMSIS/Lib/GCC --specs=nano.specs -mfpu=fpv4-sp-d16 -mfloat-abi=hard -mthumb -u _printf_float -Wl,--start-group -lc -lm -Wl,--end-group
Finished building target: test.elf
 
arm-none-eabi-size  test.elf 
arm-none-eabi-objdump -h -S test.elf  > "test.list"
   text	   data	    bss	    dec	    hex	filename
 120012	    468	  77372	 197852	  304dc	test.elf
Finished building: default.size.stdout
 
Finished building: test.list
 
21:05:01 **** Incremental Build of configuration Debug for project test ****
make -j22 all 
arm-none-eabi-size  test.elf 
   text	   data	    bss	    dec	    hex	filename
 120012	    468	  77372	 197852	  304dc	test.elf
Finished building: default.size.stdout
 
21:09:59 **** Incremental Build of configuration Debug for project test ****
make -j22 all 
arm-none-eabi-gcc "../Core/Src/main.c" -mcpu=cortex-m4 -std=gnu11 -g3 -DDEBUG -DARM_MATH_CM4 -DUSE_HAL_DRIVER -DSTM32G473xx -c -I../Core/Inc -I../Drivers/STM32G4xx_HAL_Driver/Inc -I../Drivers/STM32G4xx_HAL_Driver/Inc/Legacy -I../Drivers/CMSIS/Device/ST/STM32G4xx/Include -I../Drivers/CMSIS/Include -I../Drivers/CMSIS/DSP/Include -Oz -ffunction-sections -fdata-sections -Wall -fstack-usage -fcyclomatic-complexity -MMD -MP -MF"Core/Src/main.d" -MT"Core/Src/main.o" --specs=nano.specs -mfpu=fpv4-sp-d16 -mfloat-abi=hard -mthumb -o "Core/Src/main.o"
../Core/Src/main.c:113:33: error: expected identifier or '(' before '=' token
  113 | uint32_t au32_end_ticksADC1 = 0;=
      |                                 ^
../Core/Src/main.c: In function 'main':
../Core/Src/main.c:234:27: error: 'fftHandler' undeclared (first use in this function)
  234 |   arm_rfft_fast_init_f32(&fftHandler, ADC_BUF_LEN);
      |                           ^~~~~~~~~~
../Core/Src/main.c:234:27: note: each undeclared identifier is reported only once for each function it appears in
../Core/Src/main.c:331:58: warning: format '%u' expects argument of type 'unsigned int', but argument 5 has type 'uint32_t' {aka 'long unsigned int'} [-Wformat=]
  331 |                         sprintf(bufferNumbers, "%lf,%lf,%u, %d\r\n", fftBufOutADC1[j],fftBufOutADC1[j + 1], frequency, j);
      |                                                         ~^                                                  ~~~~~~~~~
      |                                                          |                                                  |
      |                                                          unsigned int                                       uint32_t {aka long unsigned int}
      |                                                         %lu
../Core/Src/main.c: In function 'HAL_ADC_ConvHalfCpltCallback':
../Core/Src/main.c:1726:17: error: 'au32_midway_ticksADC3' undeclared (first use in this function); did you mean 'au32_midway_ticksADC1'?
 1726 |                 au32_midway_ticksADC3 = DWT->CYCCNT;
      |                 ^~~~~~~~~~~~~~~~~~~~~
      |                 au32_midway_ticksADC1
../Core/Src/main.c: In function 'HAL_ADC_ConvCpltCallback':
../Core/Src/main.c:1742:17: error: 'au32_end_ticksADC3' undeclared (first use in this function); did you mean 'au32_end_ticksADC1'?
 1742 |                 au32_end_ticksADC3 = DWT->CYCCNT;
      |                 ^~~~~~~~~~~~~~~~~~
      |                 au32_end_ticksADC1
../Core/Src/main.c: In function 'Process_HalfBuffer':
../Core/Src/main.c:1859:36: error: 'fftHandler' undeclared (first use in this function)
 1859 |                 arm_rfft_fast_f32(&fftHandler, (float32_t *) &fftBufInADC1, (float32_t *) &fftBufOutADC1, 0);
      |                                    ^~~~~~~~~~
make: *** [Core/Src/subdir.mk:34: Core/Src/main.o] Error 1
"make -j22 all" terminated with exit code 2. Build might be incomplete.
21:10:18 **** Incremental Build of configuration Debug for project test ****
make -j22 all 
arm-none-eabi-gcc "../Core/Src/main.c" -mcpu=cortex-m4 -std=gnu11 -g3 -DDEBUG -DARM_MATH_CM4 -DUSE_HAL_DRIVER -DSTM32G473xx -c -I../Core/Inc -I../Drivers/STM32G4xx_HAL_Driver/Inc -I../Drivers/STM32G4xx_HAL_Driver/Inc/Legacy -I../Drivers/CMSIS/Device/ST/STM32G4xx/Include -I../Drivers/CMSIS/Include -I../Drivers/CMSIS/DSP/Include -Oz -ffunction-sections -fdata-sections -Wall -fstack-usage -fcyclomatic-complexity -MMD -MP -MF"Core/Src/main.d" -MT"Core/Src/main.o" --specs=nano.specs -mfpu=fpv4-sp-d16 -mfloat-abi=hard -mthumb -o "Core/Src/main.o"
../Core/Src/main.c: In function 'main':
../Core/Src/main.c:331:58: warning: format '%u' expects argument of type 'unsigned int', but argument 5 has type 'uint32_t' {aka 'long unsigned int'} [-Wformat=]
  331 |                         sprintf(bufferNumbers, "%lf,%lf,%u, %d\r\n", fftBufOutADC1[j],fftBufOutADC1[j + 1], frequency, j);
      |                                                         ~^                                                  ~~~~~~~~~
      |                                                          |                                                  |
      |                                                          unsigned int                                       uint32_t {aka long unsigned int}
      |                                                         %lu
../Core/Src/main.c: In function 'HAL_ADC_ConvHalfCpltCallback':
../Core/Src/main.c:1726:17: error: 'au32_midway_ticksADC3' undeclared (first use in this function); did you mean 'au32_midway_ticksADC1'?
 1726 |                 au32_midway_ticksADC3 = DWT->CYCCNT;
      |                 ^~~~~~~~~~~~~~~~~~~~~
      |                 au32_midway_ticksADC1
../Core/Src/main.c:1726:17: note: each undeclared identifier is reported only once for each function it appears in
../Core/Src/main.c: In function 'HAL_ADC_ConvCpltCallback':
../Core/Src/main.c:1742:17: error: 'au32_end_ticksADC3' undeclared (first use in this function); did you mean 'au32_end_ticksADC1'?
 1742 |                 au32_end_ticksADC3 = DWT->CYCCNT;
      |                 ^~~~~~~~~~~~~~~~~~
      |                 au32_end_ticksADC1
make: *** [Core/Src/subdir.mk:34: Core/Src/main.o] Error 1
"make -j22 all" terminated with exit code 2. Build might be incomplete.
21:10:37 **** Incremental Build of configuration Debug for project test ****
make -j22 all 
arm-none-eabi-gcc "../Core/Src/main.c" -mcpu=cortex-m4 -std=gnu11 -g3 -DDEBUG -DARM_MATH_CM4 -DUSE_HAL_DRIVER -DSTM32G473xx -c -I../Core/Inc -I../Drivers/STM32G4xx_HAL_Driver/Inc -I../Drivers/STM32G4xx_HAL_Driver/Inc/Legacy -I../Drivers/CMSIS/Device/ST/STM32G4xx/Include -I../Drivers/CMSIS/Include -I../Drivers/CMSIS/DSP/Include -Oz -ffunction-sections -fdata-sections -Wall -fstack-usage -fcyclomatic-complexity -MMD -MP -MF"Core/Src/main.d" -MT"Core/Src/main.o" --specs=nano.specs -mfpu=fpv4-sp-d16 -mfloat-abi=hard -mthumb -o "Core/Src/main.o"
../Core/Src/main.c: In function 'main':
../Core/Src/main.c:335:58: warning: format '%u' expects argument of type 'unsigned int', but argument 5 has type 'uint32_t' {aka 'long unsigned int'} [-Wformat=]
  335 |                         sprintf(bufferNumbers, "%lf,%lf,%u, %d\r\n", fftBufOutADC1[j],fftBufOutADC1[j + 1], frequency, j);
      |                                                         ~^                                                  ~~~~~~~~~
      |                                                          |                                                  |
      |                                                          unsigned int                                       uint32_t {aka long unsigned int}
      |                                                         %lu
../Core/Src/main.c: In function 'Process_HalfBuffer':
../Core/Src/main.c:1806:19: warning: 'integerBuffer' may be used uninitialized [-Wmaybe-uninitialized]
 1806 |         uint16_t* integerBuffer;
      |                   ^~~~~~~~~~~~~
arm-none-eabi-gcc -o "test.elf" @"objects.list"  -larm_cortexM4lf_math -mcpu=cortex-m4 -T"C:\Users\peter\OneDrive\Documents\IEEEMTTSCode\PhasedArrayRadar_IEEE_MTTS\STM32_Code\tutorial\test\STM32G473QETX_FLASH.ld" --specs=nosys.specs -Wl,-Map="test.map" -Wl,--gc-sections -static -L../Drivers/CMSIS/Lib/GCC --specs=nano.specs -mfpu=fpv4-sp-d16 -mfloat-abi=hard -mthumb -u _printf_float -Wl,--start-group -lc -lm -Wl,--end-group
Finished building target: test.elf
 
arm-none-eabi-size  test.elf 
arm-none-eabi-objdump -h -S test.elf  > "test.list"
   text	   data	    bss	    dec	    hex	filename
 120316	    468	  77396	 198180	  30624	test.elf
Finished building: default.size.stdout
 
Finished building: test.list
 
21:11:22 **** Incremental Build of configuration Debug for project test ****
make -j22 all 
arm-none-eabi-gcc "../Core/Src/main.c" -mcpu=cortex-m4 -std=gnu11 -g3 -DDEBUG -DARM_MATH_CM4 -DUSE_HAL_DRIVER -DSTM32G473xx -c -I../Core/Inc -I../Drivers/STM32G4xx_HAL_Driver/Inc -I../Drivers/STM32G4xx_HAL_Driver/Inc/Legacy -I../Drivers/CMSIS/Device/ST/STM32G4xx/Include -I../Drivers/CMSIS/Include -I../Drivers/CMSIS/DSP/Include -Oz -ffunction-sections -fdata-sections -Wall -fstack-usage -fcyclomatic-complexity -MMD -MP -MF"Core/Src/main.d" -MT"Core/Src/main.o" --specs=nano.specs -mfpu=fpv4-sp-d16 -mfloat-abi=hard -mthumb -o "Core/Src/main.o"
../Core/Src/main.c: In function 'main':
../Core/Src/main.c:335:58: warning: format '%u' expects argument of type 'unsigned int', but argument 5 has type 'uint32_t' {aka 'long unsigned int'} [-Wformat=]
  335 |                         sprintf(bufferNumbers, "%lf,%lf,%u, %d\r\n", fftBufOutADC1[j],fftBufOutADC1[j + 1], frequency, j);
      |                                                         ~^                                                  ~~~~~~~~~
      |                                                          |                                                  |
      |                                                          unsigned int                                       uint32_t {aka long unsigned int}
      |                                                         %lu
../Core/Src/main.c:345:50: error: 'samplingTime' undeclared (first use in this function); did you mean 'samplingRate'?
  345 |                 samplingRate = (ADC_BUF_LEN/2) / samplingTime;
      |                                                  ^~~~~~~~~~~~
      |                                                  samplingRate
../Core/Src/main.c:345:50: note: each undeclared identifier is reported only once for each function it appears in
../Core/Src/main.c:347:198: error: 'indexStoppedADC1' undeclared (first use in this function)
  347 |                 sprintf(endMessage, "It took %1.3f microseconds to read %d times, corresponding to a sampling  rate of %1.2lf MSPS. Index: %u. ADC1\r\n", samplingTime, ADC_BUF_LEN/2, samplingRate, indexStoppedADC1);
      |                                                                                                                                                                                                      ^~~~~~~~~~~~~~~~
make: *** [Core/Src/subdir.mk:34: Core/Src/main.o] Error 1
"make -j22 all" terminated with exit code 2. Build might be incomplete.
21:11:37 **** Incremental Build of configuration Debug for project test ****
make -j22 all 
arm-none-eabi-gcc "../Core/Src/main.c" -mcpu=cortex-m4 -std=gnu11 -g3 -DDEBUG -DARM_MATH_CM4 -DUSE_HAL_DRIVER -DSTM32G473xx -c -I../Core/Inc -I../Drivers/STM32G4xx_HAL_Driver/Inc -I../Drivers/STM32G4xx_HAL_Driver/Inc/Legacy -I../Drivers/CMSIS/Device/ST/STM32G4xx/Include -I../Drivers/CMSIS/Include -I../Drivers/CMSIS/DSP/Include -Oz -ffunction-sections -fdata-sections -Wall -fstack-usage -fcyclomatic-complexity -MMD -MP -MF"Core/Src/main.d" -MT"Core/Src/main.o" --specs=nano.specs -mfpu=fpv4-sp-d16 -mfloat-abi=hard -mthumb -o "Core/Src/main.o"
../Core/Src/main.c: In function 'main':
../Core/Src/main.c:335:58: warning: format '%u' expects argument of type 'unsigned int', but argument 5 has type 'uint32_t' {aka 'long unsigned int'} [-Wformat=]
  335 |                         sprintf(bufferNumbers, "%lf,%lf,%u, %d\r\n", fftBufOutADC1[j],fftBufOutADC1[j + 1], frequency, j);
      |                                                         ~^                                                  ~~~~~~~~~
      |                                                          |                                                  |
      |                                                          unsigned int                                       uint32_t {aka long unsigned int}
      |                                                         %lu
../Core/Src/main.c:345:50: error: 'samplingTime' undeclared (first use in this function); did you mean 'samplingRate'?
  345 |                 samplingRate = (ADC_BUF_LEN/2) / samplingTime;
      |                                                  ^~~~~~~~~~~~
      |                                                  samplingRate
../Core/Src/main.c:345:50: note: each undeclared identifier is reported only once for each function it appears in
../Core/Src/main.c:347:198: error: 'indexStoppedADC1' undeclared (first use in this function)
  347 |                 sprintf(endMessage, "It took %1.3f microseconds to read %d times, corresponding to a sampling  rate of %1.2lf MSPS. Index: %u. ADC1\r\n", samplingTime, ADC_BUF_LEN/2, samplingRate, indexStoppedADC1);
      |                                                                                                                                                                                                      ^~~~~~~~~~~~~~~~
make: *** [Core/Src/subdir.mk:34: Core/Src/main.o] Error 1
"make -j22 all" terminated with exit code 2. Build might be incomplete.
21:12:05 **** Incremental Build of configuration Debug for project test ****
make -j22 all 
arm-none-eabi-gcc "../Core/Src/main.c" -mcpu=cortex-m4 -std=gnu11 -g3 -DDEBUG -DARM_MATH_CM4 -DUSE_HAL_DRIVER -DSTM32G473xx -c -I../Core/Inc -I../Drivers/STM32G4xx_HAL_Driver/Inc -I../Drivers/STM32G4xx_HAL_Driver/Inc/Legacy -I../Drivers/CMSIS/Device/ST/STM32G4xx/Include -I../Drivers/CMSIS/Include -I../Drivers/CMSIS/DSP/Include -Oz -ffunction-sections -fdata-sections -Wall -fstack-usage -fcyclomatic-complexity -MMD -MP -MF"Core/Src/main.d" -MT"Core/Src/main.o" --specs=nano.specs -mfpu=fpv4-sp-d16 -mfloat-abi=hard -mthumb -o "Core/Src/main.o"
../Core/Src/main.c: In function 'main':
../Core/Src/main.c:335:58: warning: format '%u' expects argument of type 'unsigned int', but argument 5 has type 'uint32_t' {aka 'long unsigned int'} [-Wformat=]
  335 |                         sprintf(bufferNumbers, "%lf,%lf,%u, %d\r\n", fftBufOutADC1[j],fftBufOutADC1[j + 1], frequency, j);
      |                                                         ~^                                                  ~~~~~~~~~
      |                                                          |                                                  |
      |                                                          unsigned int                                       uint32_t {aka long unsigned int}
      |                                                         %lu
../Core/Src/main.c:350:198: error: 'indexStoppedADC1' undeclared (first use in this function)
  350 |                 sprintf(endMessage, "It took %1.3f microseconds to read %d times, corresponding to a sampling  rate of %1.2lf MSPS. Index: %u. ADC1\r\n", samplingTime, ADC_BUF_LEN/2, samplingRate, indexStoppedADC1);
      |                                                                                                                                                                                                      ^~~~~~~~~~~~~~~~
../Core/Src/main.c:350:198: note: each undeclared identifier is reported only once for each function it appears in
make: *** [Core/Src/subdir.mk:34: Core/Src/main.o] Error 1
"make -j22 all" terminated with exit code 2. Build might be incomplete.
21:14:06 **** Incremental Build of configuration Debug for project test ****
make -j22 all 
arm-none-eabi-gcc "../Core/Src/main.c" -mcpu=cortex-m4 -std=gnu11 -g3 -DDEBUG -DARM_MATH_CM4 -DUSE_HAL_DRIVER -DSTM32G473xx -c -I../Core/Inc -I../Drivers/STM32G4xx_HAL_Driver/Inc -I../Drivers/STM32G4xx_HAL_Driver/Inc/Legacy -I../Drivers/CMSIS/Device/ST/STM32G4xx/Include -I../Drivers/CMSIS/Include -I../Drivers/CMSIS/DSP/Include -Oz -ffunction-sections -fdata-sections -Wall -fstack-usage -fcyclomatic-complexity -MMD -MP -MF"Core/Src/main.d" -MT"Core/Src/main.o" --specs=nano.specs -mfpu=fpv4-sp-d16 -mfloat-abi=hard -mthumb -o "Core/Src/main.o"
../Core/Src/main.c: In function 'main':
../Core/Src/main.c:335:58: warning: format '%u' expects argument of type 'unsigned int', but argument 5 has type 'uint32_t' {aka 'long unsigned int'} [-Wformat=]
  335 |                         sprintf(bufferNumbers, "%lf,%lf,%u, %d\r\n", fftBufOutADC1[j],fftBufOutADC1[j + 1], frequency, j);
      |                                                         ~^                                                  ~~~~~~~~~
      |                                                          |                                                  |
      |                                                          unsigned int                                       uint32_t {aka long unsigned int}
      |                                                         %lu
../Core/Src/main.c: In function 'Process_HalfBuffer':
../Core/Src/main.c:1815:19: warning: 'integerBuffer' may be used uninitialized [-Wmaybe-uninitialized]
 1815 |         uint16_t* integerBuffer;
      |                   ^~~~~~~~~~~~~
arm-none-eabi-gcc -o "test.elf" @"objects.list"  -larm_cortexM4lf_math -mcpu=cortex-m4 -T"C:\Users\peter\OneDrive\Documents\IEEEMTTSCode\PhasedArrayRadar_IEEE_MTTS\STM32_Code\tutorial\test\STM32G473QETX_FLASH.ld" --specs=nosys.specs -Wl,-Map="test.map" -Wl,--gc-sections -static -L../Drivers/CMSIS/Lib/GCC --specs=nano.specs -mfpu=fpv4-sp-d16 -mfloat-abi=hard -mthumb -u _printf_float -Wl,--start-group -lc -lm -Wl,--end-group
Finished building target: test.elf
 
arm-none-eabi-size  test.elf 
arm-none-eabi-objdump -h -S test.elf  > "test.list"
   text	   data	    bss	    dec	    hex	filename
 120516	    468	  77396	 198380	  306ec	test.elf
Finished building: default.size.stdout
 
Finished building: test.list
 
21:14:50 **** Incremental Build of configuration Debug for project test ****
make -j22 all 
arm-none-eabi-gcc "../Core/Src/main.c" -mcpu=cortex-m4 -std=gnu11 -g3 -DDEBUG -DARM_MATH_CM4 -DUSE_HAL_DRIVER -DSTM32G473xx -c -I../Core/Inc -I../Drivers/STM32G4xx_HAL_Driver/Inc -I../Drivers/STM32G4xx_HAL_Driver/Inc/Legacy -I../Drivers/CMSIS/Device/ST/STM32G4xx/Include -I../Drivers/CMSIS/Include -I../Drivers/CMSIS/DSP/Include -Oz -ffunction-sections -fdata-sections -Wall -fstack-usage -fcyclomatic-complexity -MMD -MP -MF"Core/Src/main.d" -MT"Core/Src/main.o" --specs=nano.specs -mfpu=fpv4-sp-d16 -mfloat-abi=hard -mthumb -o "Core/Src/main.o"
../Core/Src/main.c: In function 'main':
../Core/Src/main.c:335:58: warning: format '%u' expects argument of type 'unsigned int', but argument 5 has type 'uint32_t' {aka 'long unsigned int'} [-Wformat=]
  335 |                         sprintf(bufferNumbers, "%lf,%lf,%u, %d\r\n", fftBufOutADC1[j],fftBufOutADC1[j + 1], frequency, j);
      |                                                         ~^                                                  ~~~~~~~~~
      |                                                          |                                                  |
      |                                                          unsigned int                                       uint32_t {aka long unsigned int}
      |                                                         %lu
../Core/Src/main.c: In function 'Process_HalfBuffer':
../Core/Src/main.c:1816:19: warning: 'integerBuffer' may be used uninitialized [-Wmaybe-uninitialized]
 1816 |         uint16_t* integerBuffer;
      |                   ^~~~~~~~~~~~~
arm-none-eabi-gcc -o "test.elf" @"objects.list"  -larm_cortexM4lf_math -mcpu=cortex-m4 -T"C:\Users\peter\OneDrive\Documents\IEEEMTTSCode\PhasedArrayRadar_IEEE_MTTS\STM32_Code\tutorial\test\STM32G473QETX_FLASH.ld" --specs=nosys.specs -Wl,-Map="test.map" -Wl,--gc-sections -static -L../Drivers/CMSIS/Lib/GCC --specs=nano.specs -mfpu=fpv4-sp-d16 -mfloat-abi=hard -mthumb -u _printf_float -Wl,--start-group -lc -lm -Wl,--end-group
Finished building target: test.elf
 
arm-none-eabi-size  test.elf 
arm-none-eabi-objdump -h -S test.elf  > "test.list"
   text	   data	    bss	    dec	    hex	filename
 120540	    468	  77396	 198404	  30704	test.elf
Finished building: default.size.stdout
 
Finished building: test.list
 
21:15:19 **** Incremental Build of configuration Debug for project test ****
make -j22 all 
arm-none-eabi-size  test.elf 
   text	   data	    bss	    dec	    hex	filename
 120540	    468	  77396	 198404	  30704	test.elf
Finished building: default.size.stdout
 
21:16:07 **** Incremental Build of configuration Debug for project test ****
make -j22 all 
arm-none-eabi-size  test.elf 
   text	   data	    bss	    dec	    hex	filename
 120540	    468	  77396	 198404	  30704	test.elf
Finished building: default.size.stdout
 
21:17:20 **** Incremental Build of configuration Debug for project test ****
make -j22 all 
arm-none-eabi-gcc "../Core/Src/main.c" -mcpu=cortex-m4 -std=gnu11 -g3 -DDEBUG -DARM_MATH_CM4 -DUSE_HAL_DRIVER -DSTM32G473xx -c -I../Core/Inc -I../Drivers/STM32G4xx_HAL_Driver/Inc -I../Drivers/STM32G4xx_HAL_Driver/Inc/Legacy -I../Drivers/CMSIS/Device/ST/STM32G4xx/Include -I../Drivers/CMSIS/Include -I../Drivers/CMSIS/DSP/Include -Oz -ffunction-sections -fdata-sections -Wall -fstack-usage -fcyclomatic-complexity -MMD -MP -MF"Core/Src/main.d" -MT"Core/Src/main.o" --specs=nano.specs -mfpu=fpv4-sp-d16 -mfloat-abi=hard -mthumb -o "Core/Src/main.o"
../Core/Src/main.c: In function 'main':
../Core/Src/main.c:335:58: warning: format '%u' expects argument of type 'unsigned int', but argument 5 has type 'uint32_t' {aka 'long unsigned int'} [-Wformat=]
  335 |                         sprintf(bufferNumbers, "%lf,%lf,%u, %d\r\n", fftBufOutADC1[j],fftBufOutADC1[j + 1], frequency, j);
      |                                                         ~^                                                  ~~~~~~~~~
      |                                                          |                                                  |
      |                                                          unsigned int                                       uint32_t {aka long unsigned int}
      |                                                         %lu
../Core/Src/main.c: In function 'Process_HalfBuffer':
../Core/Src/main.c:1817:19: warning: 'integerBuffer' may be used uninitialized [-Wmaybe-uninitialized]
 1817 |         uint16_t* integerBuffer;
      |                   ^~~~~~~~~~~~~
arm-none-eabi-gcc -o "test.elf" @"objects.list"  -larm_cortexM4lf_math -mcpu=cortex-m4 -T"C:\Users\peter\OneDrive\Documents\IEEEMTTSCode\PhasedArrayRadar_IEEE_MTTS\STM32_Code\tutorial\test\STM32G473QETX_FLASH.ld" --specs=nosys.specs -Wl,-Map="test.map" -Wl,--gc-sections -static -L../Drivers/CMSIS/Lib/GCC --specs=nano.specs -mfpu=fpv4-sp-d16 -mfloat-abi=hard -mthumb -u _printf_float -Wl,--start-group -lc -lm -Wl,--end-group
Finished building target: test.elf
 
arm-none-eabi-size  test.elf 
arm-none-eabi-objdump -h -S test.elf  > "test.list"
   text	   data	    bss	    dec	    hex	filename
 120548	    468	  77396	 198412	  3070c	test.elf
Finished building: default.size.stdout
 
Finished building: test.list
 
21:20:40 **** Incremental Build of configuration Debug for project test ****
make -j22 all 
arm-none-eabi-size  test.elf 
   text	   data	    bss	    dec	    hex	filename
 120548	    468	  77396	 198412	  3070c	test.elf
Finished building: default.size.stdout
 
21:21:36 **** Incremental Build of configuration Debug for project test ****
make -j22 all 
arm-none-eabi-gcc "../Core/Src/main.c" -mcpu=cortex-m4 -std=gnu11 -g3 -DDEBUG -DARM_MATH_CM4 -DUSE_HAL_DRIVER -DSTM32G473xx -c -I../Core/Inc -I../Drivers/STM32G4xx_HAL_Driver/Inc -I../Drivers/STM32G4xx_HAL_Driver/Inc/Legacy -I../Drivers/CMSIS/Device/ST/STM32G4xx/Include -I../Drivers/CMSIS/Include -I../Drivers/CMSIS/DSP/Include -Oz -ffunction-sections -fdata-sections -Wall -fstack-usage -fcyclomatic-complexity -MMD -MP -MF"Core/Src/main.d" -MT"Core/Src/main.o" --specs=nano.specs -mfpu=fpv4-sp-d16 -mfloat-abi=hard -mthumb -o "Core/Src/main.o"
../Core/Src/main.c: In function 'main':
../Core/Src/main.c:335:58: warning: format '%u' expects argument of type 'unsigned int', but argument 5 has type 'uint32_t' {aka 'long unsigned int'} [-Wformat=]
  335 |                         sprintf(bufferNumbers, "%lf,%lf,%u, %d\r\n", fftBufOutADC1[j],fftBufOutADC1[j + 1], frequency, j);
      |                                                         ~^                                                  ~~~~~~~~~
      |                                                          |                                                  |
      |                                                          unsigned int                                       uint32_t {aka long unsigned int}
      |                                                         %lu
../Core/Src/main.c: In function 'Process_HalfBuffer':
../Core/Src/main.c:1817:19: warning: 'integerBuffer' may be used uninitialized [-Wmaybe-uninitialized]
 1817 |         uint16_t* integerBuffer;
      |                   ^~~~~~~~~~~~~
arm-none-eabi-gcc -o "test.elf" @"objects.list"  -larm_cortexM4lf_math -mcpu=cortex-m4 -T"C:\Users\peter\OneDrive\Documents\IEEEMTTSCode\PhasedArrayRadar_IEEE_MTTS\STM32_Code\tutorial\test\STM32G473QETX_FLASH.ld" --specs=nosys.specs -Wl,-Map="test.map" -Wl,--gc-sections -static -L../Drivers/CMSIS/Lib/GCC --specs=nano.specs -mfpu=fpv4-sp-d16 -mfloat-abi=hard -mthumb -u _printf_float -Wl,--start-group -lc -lm -Wl,--end-group
Finished building target: test.elf
 
arm-none-eabi-size  test.elf 
arm-none-eabi-objdump -h -S test.elf  > "test.list"
   text	   data	    bss	    dec	    hex	filename
 120548	    468	  77396	 198412	  3070c	test.elf
Finished building: default.size.stdout
 
Finished building: test.list
 
21:23:01 **** Incremental Build of configuration Debug for project test ****
make -j22 all 
arm-none-eabi-gcc "../Core/Src/main.c" -mcpu=cortex-m4 -std=gnu11 -g3 -DDEBUG -DARM_MATH_CM4 -DUSE_HAL_DRIVER -DSTM32G473xx -c -I../Core/Inc -I../Drivers/STM32G4xx_HAL_Driver/Inc -I../Drivers/STM32G4xx_HAL_Driver/Inc/Legacy -I../Drivers/CMSIS/Device/ST/STM32G4xx/Include -I../Drivers/CMSIS/Include -I../Drivers/CMSIS/DSP/Include -Oz -ffunction-sections -fdata-sections -Wall -fstack-usage -fcyclomatic-complexity -MMD -MP -MF"Core/Src/main.d" -MT"Core/Src/main.o" --specs=nano.specs -mfpu=fpv4-sp-d16 -mfloat-abi=hard -mthumb -o "Core/Src/main.o"
../Core/Src/main.c: In function 'main':
../Core/Src/main.c:337:58: warning: format '%u' expects argument of type 'unsigned int', but argument 5 has type 'uint32_t' {aka 'long unsigned int'} [-Wformat=]
  337 |                         sprintf(bufferNumbers, "%lf,%lf,%u, %d\r\n", fftBufOutADC1[j],fftBufOutADC1[j + 1], frequency, j);
      |                                                         ~^                                                  ~~~~~~~~~
      |                                                          |                                                  |
      |                                                          unsigned int                                       uint32_t {aka long unsigned int}
      |                                                         %lu
../Core/Src/main.c: In function 'Process_HalfBuffer':
../Core/Src/main.c:1819:19: warning: 'integerBuffer' may be used uninitialized [-Wmaybe-uninitialized]
 1819 |         uint16_t* integerBuffer;
      |                   ^~~~~~~~~~~~~
arm-none-eabi-gcc -o "test.elf" @"objects.list"  -larm_cortexM4lf_math -mcpu=cortex-m4 -T"C:\Users\peter\OneDrive\Documents\IEEEMTTSCode\PhasedArrayRadar_IEEE_MTTS\STM32_Code\tutorial\test\STM32G473QETX_FLASH.ld" --specs=nosys.specs -Wl,-Map="test.map" -Wl,--gc-sections -static -L../Drivers/CMSIS/Lib/GCC --specs=nano.specs -mfpu=fpv4-sp-d16 -mfloat-abi=hard -mthumb -u _printf_float -Wl,--start-group -lc -lm -Wl,--end-group
Finished building target: test.elf
 
arm-none-eabi-size  test.elf 
arm-none-eabi-objdump -h -S test.elf  > "test.list"
   text	   data	    bss	    dec	    hex	filename
 120556	    468	  77396	 198420	  30714	test.elf
Finished building: default.size.stdout
 
Finished building: test.list
 
21:23:43 **** Incremental Build of configuration Debug for project test ****
make -j22 all 
arm-none-eabi-size  test.elf 
   text	   data	    bss	    dec	    hex	filename
 120556	    468	  77396	 198420	  30714	test.elf
Finished building: default.size.stdout
 
21:24:07 **** Incremental Build of configuration Debug for project test ****
make -j22 all 
arm-none-eabi-size  test.elf 
   text	   data	    bss	    dec	    hex	filename
 120556	    468	  77396	 198420	  30714	test.elf
Finished building: default.size.stdout
 
21:47:26 **** Incremental Build of configuration Debug for project test ****
make -j22 all 
arm-none-eabi-gcc "../Core/Src/main.c" -mcpu=cortex-m4 -std=gnu11 -g3 -DDEBUG -DARM_MATH_CM4 -DUSE_HAL_DRIVER -DSTM32G473xx -c -I../Core/Inc -I../Drivers/STM32G4xx_HAL_Driver/Inc -I../Drivers/STM32G4xx_HAL_Driver/Inc/Legacy -I../Drivers/CMSIS/Device/ST/STM32G4xx/Include -I../Drivers/CMSIS/Include -I../Drivers/CMSIS/DSP/Include -Oz -ffunction-sections -fdata-sections -Wall -fstack-usage -fcyclomatic-complexity -MMD -MP -MF"Core/Src/main.d" -MT"Core/Src/main.o" --specs=nano.specs -mfpu=fpv4-sp-d16 -mfloat-abi=hard -mthumb -o "Core/Src/main.o"
../Core/Src/main.c: In function 'main':
../Core/Src/main.c:337:58: warning: format '%u' expects argument of type 'unsigned int', but argument 5 has type 'uint32_t' {aka 'long unsigned int'} [-Wformat=]
  337 |                         sprintf(bufferNumbers, "%lf,%lf,%u, %d\r\n", fftBufOutADC1[j],fftBufOutADC1[j + 1], frequency, j);
      |                                                         ~^                                                  ~~~~~~~~~
      |                                                          |                                                  |
      |                                                          unsigned int                                       uint32_t {aka long unsigned int}
      |                                                         %lu
../Core/Src/main.c: In function 'Process_HalfBuffer':
../Core/Src/main.c:1819:19: warning: 'integerBuffer' may be used uninitialized [-Wmaybe-uninitialized]
 1819 |         uint16_t* integerBuffer;
      |                   ^~~~~~~~~~~~~
arm-none-eabi-gcc -o "test.elf" @"objects.list"  -larm_cortexM4lf_math -mcpu=cortex-m4 -T"C:\Users\peter\OneDrive\Documents\IEEEMTTSCode\PhasedArrayRadar_IEEE_MTTS\STM32_Code\tutorial\test\STM32G473QETX_FLASH.ld" --specs=nosys.specs -Wl,-Map="test.map" -Wl,--gc-sections -static -L../Drivers/CMSIS/Lib/GCC --specs=nano.specs -mfpu=fpv4-sp-d16 -mfloat-abi=hard -mthumb -u _printf_float -Wl,--start-group -lc -lm -Wl,--end-group
Finished building target: test.elf
 
arm-none-eabi-size  test.elf 
arm-none-eabi-objdump -h -S test.elf  > "test.list"
   text	   data	    bss	    dec	    hex	filename
 120556	    468	  77396	 198420	  30714	test.elf
Finished building: default.size.stdout
 
Finished building: test.list
 
21:48:41 **** Incremental Build of configuration Debug for project test ****
make -j22 all 
arm-none-eabi-gcc "../Core/Src/main.c" -mcpu=cortex-m4 -std=gnu11 -g3 -DDEBUG -DARM_MATH_CM4 -DUSE_HAL_DRIVER -DSTM32G473xx -c -I../Core/Inc -I../Drivers/STM32G4xx_HAL_Driver/Inc -I../Drivers/STM32G4xx_HAL_Driver/Inc/Legacy -I../Drivers/CMSIS/Device/ST/STM32G4xx/Include -I../Drivers/CMSIS/Include -I../Drivers/CMSIS/DSP/Include -Oz -ffunction-sections -fdata-sections -Wall -fstack-usage -fcyclomatic-complexity -MMD -MP -MF"Core/Src/main.d" -MT"Core/Src/main.o" --specs=nano.specs -mfpu=fpv4-sp-d16 -mfloat-abi=hard -mthumb -o "Core/Src/main.o"
../Core/Src/main.c: In function 'main':
../Core/Src/main.c:337:58: warning: format '%u' expects argument of type 'unsigned int', but argument 5 has type 'uint32_t' {aka 'long unsigned int'} [-Wformat=]
  337 |                         sprintf(bufferNumbers, "%lf,%lf,%u, %d\r\n", fftBufOutADC1[j],fftBufOutADC1[j + 1], frequency, j);
      |                                                         ~^                                                  ~~~~~~~~~
      |                                                          |                                                  |
      |                                                          unsigned int                                       uint32_t {aka long unsigned int}
      |                                                         %lu
../Core/Src/main.c: In function 'Process_HalfBuffer':
../Core/Src/main.c:1819:19: warning: 'integerBuffer' may be used uninitialized [-Wmaybe-uninitialized]
 1819 |         uint16_t* integerBuffer;
      |                   ^~~~~~~~~~~~~
arm-none-eabi-gcc -o "test.elf" @"objects.list"  -larm_cortexM4lf_math -mcpu=cortex-m4 -T"C:\Users\peter\OneDrive\Documents\IEEEMTTSCode\PhasedArrayRadar_IEEE_MTTS\STM32_Code\tutorial\test\STM32G473QETX_FLASH.ld" --specs=nosys.specs -Wl,-Map="test.map" -Wl,--gc-sections -static -L../Drivers/CMSIS/Lib/GCC --specs=nano.specs -mfpu=fpv4-sp-d16 -mfloat-abi=hard -mthumb -u _printf_float -Wl,--start-group -lc -lm -Wl,--end-group
Finished building target: test.elf
 
arm-none-eabi-size  test.elf 
arm-none-eabi-objdump -h -S test.elf  > "test.list"
   text	   data	    bss	    dec	    hex	filename
 120556	    468	  77396	 198420	  30714	test.elf
Finished building: default.size.stdout
 
Finished building: test.list
 
21:58:53 **** Incremental Build of configuration Debug for project test ****
make -j22 all 
arm-none-eabi-gcc "../Core/Src/main.c" -mcpu=cortex-m4 -std=gnu11 -g3 -DDEBUG -DARM_MATH_CM4 -DUSE_HAL_DRIVER -DSTM32G473xx -c -I../Core/Inc -I../Drivers/STM32G4xx_HAL_Driver/Inc -I../Drivers/STM32G4xx_HAL_Driver/Inc/Legacy -I../Drivers/CMSIS/Device/ST/STM32G4xx/Include -I../Drivers/CMSIS/Include -I../Drivers/CMSIS/DSP/Include -Oz -ffunction-sections -fdata-sections -Wall -fstack-usage -fcyclomatic-complexity -MMD -MP -MF"Core/Src/main.d" -MT"Core/Src/main.o" --specs=nano.specs -mfpu=fpv4-sp-d16 -mfloat-abi=hard -mthumb -o "Core/Src/main.o"
../Core/Src/main.c: In function 'main':
../Core/Src/main.c:337:58: warning: format '%u' expects argument of type 'unsigned int', but argument 5 has type 'uint32_t' {aka 'long unsigned int'} [-Wformat=]
  337 |                         sprintf(bufferNumbers, "%lf,%lf,%u, %d\r\n", fftBufOutADC1[j],fftBufOutADC1[j + 1], frequency, j);
      |                                                         ~^                                                  ~~~~~~~~~
      |                                                          |                                                  |
      |                                                          unsigned int                                       uint32_t {aka long unsigned int}
      |                                                         %lu
../Core/Src/main.c: In function 'MX_ADC1_Init':
../Core/Src/main.c:503:37: error: 'sampleCycles' undeclared (first use in this function)
  503 |     case ADC_SAMPLETIME_2CYCLES_5:  sampleCycles =  2.5f; break;
      |                                     ^~~~~~~~~~~~
../Core/Src/main.c:503:37: note: each undeclared identifier is reported only once for each function it appears in
make: *** [Core/Src/subdir.mk:34: Core/Src/main.o] Error 1
"make -j22 all" terminated with exit code 2. Build might be incomplete.
21:59:31 **** Incremental Build of configuration Debug for project test ****
make -j22 all 
arm-none-eabi-gcc "../Core/Src/main.c" -mcpu=cortex-m4 -std=gnu11 -g3 -DDEBUG -DARM_MATH_CM4 -DUSE_HAL_DRIVER -DSTM32G473xx -c -I../Core/Inc -I../Drivers/STM32G4xx_HAL_Driver/Inc -I../Drivers/STM32G4xx_HAL_Driver/Inc/Legacy -I../Drivers/CMSIS/Device/ST/STM32G4xx/Include -I../Drivers/CMSIS/Include -I../Drivers/CMSIS/DSP/Include -Oz -ffunction-sections -fdata-sections -Wall -fstack-usage -fcyclomatic-complexity -MMD -MP -MF"Core/Src/main.d" -MT"Core/Src/main.o" --specs=nano.specs -mfpu=fpv4-sp-d16 -mfloat-abi=hard -mthumb -o "Core/Src/main.o"
../Core/Src/main.c: In function 'main':
../Core/Src/main.c:337:58: warning: format '%u' expects argument of type 'unsigned int', but argument 5 has type 'uint32_t' {aka 'long unsigned int'} [-Wformat=]
  337 |                         sprintf(bufferNumbers, "%lf,%lf,%u, %d\r\n", fftBufOutADC1[j],fftBufOutADC1[j + 1], frequency, j);
      |                                                         ~^                                                  ~~~~~~~~~
      |                                                          |                                                  |
      |                                                          unsigned int                                       uint32_t {aka long unsigned int}
      |                                                         %lu
../Core/Src/main.c: In function 'Process_HalfBuffer':
../Core/Src/main.c:1800:19: warning: 'integerBuffer' may be used uninitialized [-Wmaybe-uninitialized]
 1800 |         uint16_t* integerBuffer;
      |                   ^~~~~~~~~~~~~
arm-none-eabi-gcc -o "test.elf" @"objects.list"  -larm_cortexM4lf_math -mcpu=cortex-m4 -T"C:\Users\peter\OneDrive\Documents\IEEEMTTSCode\PhasedArrayRadar_IEEE_MTTS\STM32_Code\tutorial\test\STM32G473QETX_FLASH.ld" --specs=nosys.specs -Wl,-Map="test.map" -Wl,--gc-sections -static -L../Drivers/CMSIS/Lib/GCC --specs=nano.specs -mfpu=fpv4-sp-d16 -mfloat-abi=hard -mthumb -u _printf_float -Wl,--start-group -lc -lm -Wl,--end-group
Finished building target: test.elf
 
arm-none-eabi-size  test.elf 
arm-none-eabi-objdump -h -S test.elf  > "test.list"
   text	   data	    bss	    dec	    hex	filename
 120460	    468	  77396	 198324	  306b4	test.elf
Finished building: default.size.stdout
 
Finished building: test.list
 
22:01:43 **** Incremental Build of configuration Debug for project test ****
make -j22 all 
arm-none-eabi-gcc "../Core/Src/main.c" -mcpu=cortex-m4 -std=gnu11 -g3 -DDEBUG -DARM_MATH_CM4 -DUSE_HAL_DRIVER -DSTM32G473xx -c -I../Core/Inc -I../Drivers/STM32G4xx_HAL_Driver/Inc -I../Drivers/STM32G4xx_HAL_Driver/Inc/Legacy -I../Drivers/CMSIS/Device/ST/STM32G4xx/Include -I../Drivers/CMSIS/Include -I../Drivers/CMSIS/DSP/Include -Oz -ffunction-sections -fdata-sections -Wall -fstack-usage -fcyclomatic-complexity -MMD -MP -MF"Core/Src/main.d" -MT"Core/Src/main.o" --specs=nano.specs -mfpu=fpv4-sp-d16 -mfloat-abi=hard -mthumb -o "Core/Src/main.o"
../Core/Src/main.c: In function 'main':
../Core/Src/main.c:337:58: warning: format '%u' expects argument of type 'unsigned int', but argument 5 has type 'uint32_t' {aka 'long unsigned int'} [-Wformat=]
  337 |                         sprintf(bufferNumbers, "%lf,%lf,%u, %d\r\n", fftBufOutADC1[j],fftBufOutADC1[j + 1], frequency, j);
      |                                                         ~^                                                  ~~~~~~~~~
      |                                                          |                                                  |
      |                                                          unsigned int                                       uint32_t {aka long unsigned int}
      |                                                         %lu
../Core/Src/main.c: In function 'Process_HalfBuffer':
../Core/Src/main.c:1800:19: warning: 'integerBuffer' may be used uninitialized [-Wmaybe-uninitialized]
 1800 |         uint16_t* integerBuffer;
      |                   ^~~~~~~~~~~~~
arm-none-eabi-gcc -o "test.elf" @"objects.list"  -larm_cortexM4lf_math -mcpu=cortex-m4 -T"C:\Users\peter\OneDrive\Documents\IEEEMTTSCode\PhasedArrayRadar_IEEE_MTTS\STM32_Code\tutorial\test\STM32G473QETX_FLASH.ld" --specs=nosys.specs -Wl,-Map="test.map" -Wl,--gc-sections -static -L../Drivers/CMSIS/Lib/GCC --specs=nano.specs -mfpu=fpv4-sp-d16 -mfloat-abi=hard -mthumb -u _printf_float -Wl,--start-group -lc -lm -Wl,--end-group
Finished building target: test.elf
 
arm-none-eabi-size  test.elf 
arm-none-eabi-objdump -h -S test.elf  > "test.list"
   text	   data	    bss	    dec	    hex	filename
 120460	    468	  77396	 198324	  306b4	test.elf
Finished building: default.size.stdout
 
Finished building: test.list
 
22:02:00 **** Incremental Build of configuration Debug for project test ****
make -j22 all 
arm-none-eabi-size  test.elf 
   text	   data	    bss	    dec	    hex	filename
 120460	    468	  77396	 198324	  306b4	test.elf
Finished building: default.size.stdout
 
22:03:00 **** Incremental Build of configuration Debug for project test ****
make -j22 all 
arm-none-eabi-size  test.elf 
   text	   data	    bss	    dec	    hex	filename
 120460	    468	  77396	 198324	  306b4	test.elf
Finished building: default.size.stdout
 
22:07:05 **** Incremental Build of configuration Debug for project test ****
make -j22 all 
arm-none-eabi-gcc "../Core/Src/main.c" -mcpu=cortex-m4 -std=gnu11 -g3 -DDEBUG -DARM_MATH_CM4 -DUSE_HAL_DRIVER -DSTM32G473xx -c -I../Core/Inc -I../Drivers/STM32G4xx_HAL_Driver/Inc -I../Drivers/STM32G4xx_HAL_Driver/Inc/Legacy -I../Drivers/CMSIS/Device/ST/STM32G4xx/Include -I../Drivers/CMSIS/Include -I../Drivers/CMSIS/DSP/Include -Oz -ffunction-sections -fdata-sections -Wall -fstack-usage -fcyclomatic-complexity -MMD -MP -MF"Core/Src/main.d" -MT"Core/Src/main.o" --specs=nano.specs -mfpu=fpv4-sp-d16 -mfloat-abi=hard -mthumb -o "Core/Src/main.o"
../Core/Src/main.c: In function 'main':
../Core/Src/main.c:337:58: warning: format '%u' expects argument of type 'unsigned int', but argument 5 has type 'uint32_t' {aka 'long unsigned int'} [-Wformat=]
  337 |                         sprintf(bufferNumbers, "%lf,%lf,%u, %d\r\n", fftBufOutADC1[j],fftBufOutADC1[j + 1], frequency, j);
      |                                                         ~^                                                  ~~~~~~~~~
      |                                                          |                                                  |
      |                                                          unsigned int                                       uint32_t {aka long unsigned int}
      |                                                         %lu
../Core/Src/main.c: In function 'Process_HalfBuffer':
../Core/Src/main.c:1800:19: warning: 'integerBuffer' may be used uninitialized [-Wmaybe-uninitialized]
 1800 |         uint16_t* integerBuffer;
      |                   ^~~~~~~~~~~~~
arm-none-eabi-gcc -o "test.elf" @"objects.list"  -larm_cortexM4lf_math -mcpu=cortex-m4 -T"C:\Users\peter\OneDrive\Documents\IEEEMTTSCode\PhasedArrayRadar_IEEE_MTTS\STM32_Code\tutorial\test\STM32G473QETX_FLASH.ld" --specs=nosys.specs -Wl,-Map="test.map" -Wl,--gc-sections -static -L../Drivers/CMSIS/Lib/GCC --specs=nano.specs -mfpu=fpv4-sp-d16 -mfloat-abi=hard -mthumb -u _printf_float -Wl,--start-group -lc -lm -Wl,--end-group
Finished building target: test.elf
 
arm-none-eabi-size  test.elf 
arm-none-eabi-objdump -h -S test.elf  > "test.list"
   text	   data	    bss	    dec	    hex	filename
 120492	    468	  77396	 198356	  306d4	test.elf
Finished building: default.size.stdout
 
Finished building: test.list
 
22:07:32 **** Incremental Build of configuration Debug for project test ****
make -j22 all 
arm-none-eabi-size  test.elf 
   text	   data	    bss	    dec	    hex	filename
 120492	    468	  77396	 198356	  306d4	test.elf
Finished building: default.size.stdout
 
22:08:33 **** Incremental Build of configuration Debug for project test ****
make -j22 all 
arm-none-eabi-size  test.elf 
   text	   data	    bss	    dec	    hex	filename
 120492	    468	  77396	 198356	  306d4	test.elf
Finished building: default.size.stdout
 
22:11:50 **** Incremental Build of configuration Debug for project test ****
make -j22 all 
arm-none-eabi-gcc "../Core/Src/main.c" -mcpu=cortex-m4 -std=gnu11 -g3 -DDEBUG -DARM_MATH_CM4 -DUSE_HAL_DRIVER -DSTM32G473xx -c -I../Core/Inc -I../Drivers/STM32G4xx_HAL_Driver/Inc -I../Drivers/STM32G4xx_HAL_Driver/Inc/Legacy -I../Drivers/CMSIS/Device/ST/STM32G4xx/Include -I../Drivers/CMSIS/Include -I../Drivers/CMSIS/DSP/Include -Oz -ffunction-sections -fdata-sections -Wall -fstack-usage -fcyclomatic-complexity -MMD -MP -MF"Core/Src/main.d" -MT"Core/Src/main.o" --specs=nano.specs -mfpu=fpv4-sp-d16 -mfloat-abi=hard -mthumb -o "Core/Src/main.o"
../Core/Src/main.c: In function 'main':
../Core/Src/main.c:337:58: warning: format '%u' expects argument of type 'unsigned int', but argument 5 has type 'uint32_t' {aka 'long unsigned int'} [-Wformat=]
  337 |                         sprintf(bufferNumbers, "%lf,%lf,%u, %d\r\n", fftBufOutADC1[j],fftBufOutADC1[j + 1], frequency, j);
      |                                                         ~^                                                  ~~~~~~~~~
      |                                                          |                                                  |
      |                                                          unsigned int                                       uint32_t {aka long unsigned int}
      |                                                         %lu
../Core/Src/main.c: In function 'Process_HalfBuffer':
../Core/Src/main.c:1802:19: warning: 'integerBuffer' may be used uninitialized [-Wmaybe-uninitialized]
 1802 |         uint16_t* integerBuffer;
      |                   ^~~~~~~~~~~~~
arm-none-eabi-gcc -o "test.elf" @"objects.list"  -larm_cortexM4lf_math -mcpu=cortex-m4 -T"C:\Users\peter\OneDrive\Documents\IEEEMTTSCode\PhasedArrayRadar_IEEE_MTTS\STM32_Code\tutorial\test\STM32G473QETX_FLASH.ld" --specs=nosys.specs -Wl,-Map="test.map" -Wl,--gc-sections -static -L../Drivers/CMSIS/Lib/GCC --specs=nano.specs -mfpu=fpv4-sp-d16 -mfloat-abi=hard -mthumb -u _printf_float -Wl,--start-group -lc -lm -Wl,--end-group
Finished building target: test.elf
 
arm-none-eabi-size  test.elf 
arm-none-eabi-objdump -h -S test.elf  > "test.list"
   text	   data	    bss	    dec	    hex	filename
 120476	    468	  77396	 198340	  306c4	test.elf
Finished building: default.size.stdout
 
Finished building: test.list
 
22:12:48 **** Incremental Build of configuration Debug for project test ****
make -j22 all 
arm-none-eabi-size  test.elf 
   text	   data	    bss	    dec	    hex	filename
 120476	    468	  77396	 198340	  306c4	test.elf
Finished building: default.size.stdout
 
22:18:01 **** Incremental Build of configuration Debug for project test ****
make -j22 all 
arm-none-eabi-gcc "../Core/Src/main.c" -mcpu=cortex-m4 -std=gnu11 -g3 -DDEBUG -DARM_MATH_CM4 -DUSE_HAL_DRIVER -DSTM32G473xx -c -I../Core/Inc -I../Drivers/STM32G4xx_HAL_Driver/Inc -I../Drivers/STM32G4xx_HAL_Driver/Inc/Legacy -I../Drivers/CMSIS/Device/ST/STM32G4xx/Include -I../Drivers/CMSIS/Include -I../Drivers/CMSIS/DSP/Include -Oz -ffunction-sections -fdata-sections -Wall -fstack-usage -fcyclomatic-complexity -MMD -MP -MF"Core/Src/main.d" -MT"Core/Src/main.o" --specs=nano.specs -mfpu=fpv4-sp-d16 -mfloat-abi=hard -mthumb -o "Core/Src/main.o"
../Core/Src/main.c: In function 'main':
../Core/Src/main.c:335:58: warning: format '%u' expects argument of type 'unsigned int', but argument 5 has type 'uint32_t' {aka 'long unsigned int'} [-Wformat=]
  335 |                         sprintf(bufferNumbers, "%lf,%lf,%u, %d\r\n", fftBufOutADC1[j],fftBufOutADC1[j + 1], frequency, j);
      |                                                         ~^                                                  ~~~~~~~~~
      |                                                          |                                                  |
      |                                                          unsigned int                                       uint32_t {aka long unsigned int}
      |                                                         %lu
../Core/Src/main.c: In function 'Process_HalfBuffer':
../Core/Src/main.c:1800:19: warning: 'integerBuffer' may be used uninitialized [-Wmaybe-uninitialized]
 1800 |         uint16_t* integerBuffer;
      |                   ^~~~~~~~~~~~~
arm-none-eabi-gcc -o "test.elf" @"objects.list"  -larm_cortexM4lf_math -mcpu=cortex-m4 -T"C:\Users\peter\OneDrive\Documents\IEEEMTTSCode\PhasedArrayRadar_IEEE_MTTS\STM32_Code\tutorial\test\STM32G473QETX_FLASH.ld" --specs=nosys.specs -Wl,-Map="test.map" -Wl,--gc-sections -static -L../Drivers/CMSIS/Lib/GCC --specs=nano.specs -mfpu=fpv4-sp-d16 -mfloat-abi=hard -mthumb -u _printf_float -Wl,--start-group -lc -lm -Wl,--end-group
Finished building target: test.elf
 
arm-none-eabi-size  test.elf 
arm-none-eabi-objdump -h -S test.elf  > "test.list"
   text	   data	    bss	    dec	    hex	filename
 120468	    468	  77396	 198332	  306bc	test.elf
Finished building: default.size.stdout
 
Finished building: test.list
 
22:20:00 **** Incremental Build of configuration Debug for project test ****
make -j22 all 
arm-none-eabi-gcc "../Core/Src/main.c" -mcpu=cortex-m4 -std=gnu11 -g3 -DDEBUG -DARM_MATH_CM4 -DUSE_HAL_DRIVER -DSTM32G473xx -c -I../Core/Inc -I../Drivers/STM32G4xx_HAL_Driver/Inc -I../Drivers/STM32G4xx_HAL_Driver/Inc/Legacy -I../Drivers/CMSIS/Device/ST/STM32G4xx/Include -I../Drivers/CMSIS/Include -I../Drivers/CMSIS/DSP/Include -Oz -ffunction-sections -fdata-sections -Wall -fstack-usage -fcyclomatic-complexity -MMD -MP -MF"Core/Src/main.d" -MT"Core/Src/main.o" --specs=nano.specs -mfpu=fpv4-sp-d16 -mfloat-abi=hard -mthumb -o "Core/Src/main.o"
../Core/Src/main.c: In function 'main':
../Core/Src/main.c:335:58: warning: format '%u' expects argument of type 'unsigned int', but argument 5 has type 'uint32_t' {aka 'long unsigned int'} [-Wformat=]
  335 |                         sprintf(bufferNumbers, "%lf,%lf,%u, %d\r\n", fftBufOutADC1[j],fftBufOutADC1[j + 1], frequency, j);
      |                                                         ~^                                                  ~~~~~~~~~
      |                                                          |                                                  |
      |                                                          unsigned int                                       uint32_t {aka long unsigned int}
      |                                                         %lu
../Core/Src/main.c: In function 'Process_HalfBuffer':
../Core/Src/main.c:1798:19: warning: 'integerBuffer' may be used uninitialized [-Wmaybe-uninitialized]
 1798 |         uint16_t* integerBuffer;
      |                   ^~~~~~~~~~~~~
arm-none-eabi-gcc -o "test.elf" @"objects.list"  -larm_cortexM4lf_math -mcpu=cortex-m4 -T"C:\Users\peter\OneDrive\Documents\IEEEMTTSCode\PhasedArrayRadar_IEEE_MTTS\STM32_Code\tutorial\test\STM32G473QETX_FLASH.ld" --specs=nosys.specs -Wl,-Map="test.map" -Wl,--gc-sections -static -L../Drivers/CMSIS/Lib/GCC --specs=nano.specs -mfpu=fpv4-sp-d16 -mfloat-abi=hard -mthumb -u _printf_float -Wl,--start-group -lc -lm -Wl,--end-group
Finished building target: test.elf
 
arm-none-eabi-size  test.elf 
arm-none-eabi-objdump -h -S test.elf  > "test.list"
   text	   data	    bss	    dec	    hex	filename
 120484	    468	  77396	 198348	  306cc	test.elf
Finished building: default.size.stdout
 
Finished building: test.list
 
22:26:37 **** Incremental Build of configuration Debug for project test ****
make -j22 all 
arm-none-eabi-gcc "../Core/Src/main.c" -mcpu=cortex-m4 -std=gnu11 -g3 -DDEBUG -DARM_MATH_CM4 -DUSE_HAL_DRIVER -DSTM32G473xx -c -I../Core/Inc -I../Drivers/STM32G4xx_HAL_Driver/Inc -I../Drivers/STM32G4xx_HAL_Driver/Inc/Legacy -I../Drivers/CMSIS/Device/ST/STM32G4xx/Include -I../Drivers/CMSIS/Include -I../Drivers/CMSIS/DSP/Include -Oz -ffunction-sections -fdata-sections -Wall -fstack-usage -fcyclomatic-complexity -MMD -MP -MF"Core/Src/main.d" -MT"Core/Src/main.o" --specs=nano.specs -mfpu=fpv4-sp-d16 -mfloat-abi=hard -mthumb -o "Core/Src/main.o"
../Core/Src/main.c: In function 'main':
../Core/Src/main.c:335:58: warning: format '%u' expects argument of type 'unsigned int', but argument 5 has type 'uint32_t' {aka 'long unsigned int'} [-Wformat=]
  335 |                         sprintf(bufferNumbers, "%lf,%lf,%u, %d\r\n", fftBufOutADC1[j],fftBufOutADC1[j + 1], frequency, j);
      |                                                         ~^                                                  ~~~~~~~~~
      |                                                          |                                                  |
      |                                                          unsigned int                                       uint32_t {aka long unsigned int}
      |                                                         %lu
../Core/Src/main.c: In function 'Process_HalfBuffer':
../Core/Src/main.c:1810:19: warning: 'integerBuffer' may be used uninitialized [-Wmaybe-uninitialized]
 1810 |         uint16_t* integerBuffer;
      |                   ^~~~~~~~~~~~~
arm-none-eabi-gcc -o "test.elf" @"objects.list"  -larm_cortexM4lf_math -mcpu=cortex-m4 -T"C:\Users\peter\OneDrive\Documents\IEEEMTTSCode\PhasedArrayRadar_IEEE_MTTS\STM32_Code\tutorial\test\STM32G473QETX_FLASH.ld" --specs=nosys.specs -Wl,-Map="test.map" -Wl,--gc-sections -static -L../Drivers/CMSIS/Lib/GCC --specs=nano.specs -mfpu=fpv4-sp-d16 -mfloat-abi=hard -mthumb -u _printf_float -Wl,--start-group -lc -lm -Wl,--end-group
Finished building target: test.elf
 
arm-none-eabi-size  test.elf 
arm-none-eabi-objdump -h -S test.elf  > "test.list"
   text	   data	    bss	    dec	    hex	filename
 120540	    468	  77396	 198404	  30704	test.elf
Finished building: default.size.stdout
 
Finished building: test.list
 
22:27:28 **** Incremental Build of configuration Debug for project test ****
make -j22 all 
arm-none-eabi-size  test.elf 
   text	   data	    bss	    dec	    hex	filename
 120540	    468	  77396	 198404	  30704	test.elf
Finished building: default.size.stdout
 
22:28:06 **** Incremental Build of configuration Debug for project test ****
make -j22 all 
arm-none-eabi-size  test.elf 
   text	   data	    bss	    dec	    hex	filename
 120540	    468	  77396	 198404	  30704	test.elf
Finished building: default.size.stdout
 
22:28:30 **** Incremental Build of configuration Debug for project test ****
make -j22 all 
arm-none-eabi-size  test.elf 
   text	   data	    bss	    dec	    hex	filename
 120540	    468	  77396	 198404	  30704	test.elf
Finished building: default.size.stdout
 
22:36:42 **** Incremental Build of configuration Debug for project test ****
make -j22 all 
arm-none-eabi-gcc "../Core/Src/main.c" -mcpu=cortex-m4 -std=gnu11 -g3 -DDEBUG -DARM_MATH_CM4 -DUSE_HAL_DRIVER -DSTM32G473xx -c -I../Core/Inc -I../Drivers/STM32G4xx_HAL_Driver/Inc -I../Drivers/STM32G4xx_HAL_Driver/Inc/Legacy -I../Drivers/CMSIS/Device/ST/STM32G4xx/Include -I../Drivers/CMSIS/Include -I../Drivers/CMSIS/DSP/Include -Oz -ffunction-sections -fdata-sections -Wall -fstack-usage -fcyclomatic-complexity -MMD -MP -MF"Core/Src/main.d" -MT"Core/Src/main.o" --specs=nano.specs -mfpu=fpv4-sp-d16 -mfloat-abi=hard -mthumb -o "Core/Src/main.o"
../Core/Src/main.c: In function 'main':
../Core/Src/main.c:335:58: warning: format '%u' expects argument of type 'unsigned int', but argument 5 has type 'uint32_t' {aka 'long unsigned int'} [-Wformat=]
  335 |                         sprintf(bufferNumbers, "%lf,%lf,%u, %d\r\n", fftBufOutADC1[j],fftBufOutADC1[j + 1], frequency, j);
      |                                                         ~^                                                  ~~~~~~~~~
      |                                                          |                                                  |
      |                                                          unsigned int                                       uint32_t {aka long unsigned int}
      |                                                         %lu
../Core/Src/main.c: In function 'Process_HalfBuffer':
../Core/Src/main.c:1811:19: warning: 'integerBuffer' may be used uninitialized [-Wmaybe-uninitialized]
 1811 |         uint16_t* integerBuffer;
      |                   ^~~~~~~~~~~~~
arm-none-eabi-gcc -o "test.elf" @"objects.list"  -larm_cortexM4lf_math -mcpu=cortex-m4 -T"C:\Users\peter\OneDrive\Documents\IEEEMTTSCode\PhasedArrayRadar_IEEE_MTTS\STM32_Code\tutorial\test\STM32G473QETX_FLASH.ld" --specs=nosys.specs -Wl,-Map="test.map" -Wl,--gc-sections -static -L../Drivers/CMSIS/Lib/GCC --specs=nano.specs -mfpu=fpv4-sp-d16 -mfloat-abi=hard -mthumb -u _printf_float -Wl,--start-group -lc -lm -Wl,--end-group
Finished building target: test.elf
 
arm-none-eabi-size  test.elf 
arm-none-eabi-objdump -h -S test.elf  > "test.list"
   text	   data	    bss	    dec	    hex	filename
 120548	    468	  77396	 198412	  3070c	test.elf
Finished building: default.size.stdout
 
Finished building: test.list
 
22:37:35 **** Incremental Build of configuration Debug for project test ****
make -j22 all 
arm-none-eabi-size  test.elf 
   text	   data	    bss	    dec	    hex	filename
 120548	    468	  77396	 198412	  3070c	test.elf
Finished building: default.size.stdout
 
22:38:27 **** Incremental Build of configuration Debug for project test ****
make -j22 all 
arm-none-eabi-size  test.elf 
   text	   data	    bss	    dec	    hex	filename
 120548	    468	  77396	 198412	  3070c	test.elf
Finished building: default.size.stdout
 
